method,group,cv
winn,control,0.08027815539525485
winn,control,0.23762453274509135
winn,control,0.065105802268338
winn,control,0.12258323476929993
winn,control,0.4042326321271415
winn,control,0.2446408291089187
winn,control,0.15157328960696637
winn,control,0.13652663656634936
winn,control,0.07646223527596391
winn,control,0.16425759811939047
winn,control,0.16169614903458998
winn,control,0.13613953682609214
winn,control,0.09149403963572918
winn,control,0.0854352128310791
winn,control,0.1217364648450743
winn,control,0.24235553682077915
winn,control,0.20728117575229368
winn,control,0.16114339114016546
winn,control,0.16721909884372224
winn,control,0.14532321020097913
winn,control,0.18104754939947976
winn,control,0.14994726264528968
winn,control,0.093486290082795
winn,control,0.22421902791840054
winn,control,0.08975168467789098
winn,control,0.17088157783838276
winn,control,0.0867970805604553
winn,control,0.253351348722089
winn,control,0.09828950220249201
winn,control,0.14856440215526345
winn,control,0.2617535035710967
winn,control,0.1785792644844402
winn,control,0.08440878610237836
winn,control,0.09566737652308176
winn,control,0.0860053011799239
winn,control,0.09175235321076389
winn,control,0.08009259998193338
winn,control,0.08236918900948521
winn,control,0.11623546152235521
winn,control,0.07968256288077907
winn,control,0.07077773950426784
winn,control,0.34072527038101047
winn,control,0.0956442551906969
winn,control,0.09958311368493909
winn,control,0.10288811247489764
winn,control,0.0798574629378272
winn,control,0.08018501715746025
winn,control,0.09503293156849334
winn,control,0.15871593689522476
winn,control,0.14063228610724218
winn,control,0.1893534140348559
winn,control,0.0667871805775931
winn,control,0.11946108003012537
winn,control,0.0843961019936134
winn,control,0.16259348409328334
winn,control,0.10631331634072023
winn,control,0.08873013846655142
winn,control,0.08296996464399196
winn,control,0.11550847764970822
winn,control,0.08996369107263578
winn,control,0.21831440641054406
winn,control,0.11836405759629932
winn,control,0.10989992636337197
winn,control,0.21460553463236293
winn,control,0.09862295032623694
winn,control,0.14444551862423605
winn,control,0.0893296790231962
winn,control,0.1385497630142573
winn,control,0.08344644479112191
winn,control,0.10026438622400971
winn,control,0.09305118468314003
winn,control,0.1346599814647084
winn,control,0.10026026554694997
winn,control,0.11160943061142374
winn,control,0.07658938963869864
winn,control,0.08979197220124976
winn,control,0.1122570809950642
winn,control,0.0866639341824172
winn,control,0.1351660947194087
winn,control,0.07420830146698658
winn,control,0.0643329065306546
winn,control,0.07857083047060708
winn,control,0.0890252841694903
winn,control,0.18481696513276377
winn,control,0.10856453563604389
winn,control,0.11355915937506196
winn,control,0.11040937437159587
winn,control,0.08978525306533379
winn,control,0.1018912584401533
winn,control,0.09279959766241226
winn,control,0.08525327100322351
winn,control,0.07902934755041033
winn,control,0.08067990937170808
winn,control,0.0911314598186268
winn,control,0.12510751111329788
winn,control,0.13178358609689161
winn,control,0.10103288417016405
winn,control,0.08351628761416016
winn,control,0.1512011231437816
winn,control,0.08751967298595244
winn,control,0.08953622449573372
winn,control,0.08171417578699887
winn,control,0.098990074179702
winn,control,0.09119044843044116
winn,control,0.13432925570008725
winn,control,0.1334233296605398
winn,control,0.13315663185954638
winn,control,0.1602890497349169
winn,control,0.06625736453223174
winn,control,0.0944333770745996
winn,control,0.06932744772969959
winn,control,0.14622740086139874
winn,control,0.15165189364883044
winn,control,0.11576926729033736
winn,control,0.09862386809892097
winn,control,0.11245971788761315
winn,control,0.11321389781426122
winn,control,0.10179213170518182
winn,control,0.06877565859529945
winn,control,0.07626458612040025
winn,control,0.09284351662042324
winn,control,0.09167732245694185
winn,control,0.10982471757068574
winn,control,0.0886499409686613
winn,control,0.12272236220882747
winn,control,0.10081230648225309
winn,control,0.13322182317142492
winn,control,0.1432209571521163
winn,control,0.07532464841137133
winn,control,0.07659508068294957
winn,control,0.15201761403333666
winn,control,0.12235956096398667
winn,control,0.07786243073931544
winn,control,0.09788194877488142
winn,control,0.06859418779437597
winn,control,0.09506952071714131
winn,control,0.09323423692395415
winn,control,0.09032846062586634
winn,control,0.08578214764591446
winn,control,0.07870430304342832
winn,control,0.09041998222522958
winn,control,0.12574989070147344
winn,control,0.06853382811176602
winn,control,0.06928992588533389
winn,control,0.10608045811526376
winn,control,0.08932966845290449
winn,control,0.08046488397633982
winn,control,0.08582739818571558
winn,control,0.10815311804055329
winn,control,0.08745520187091532
winn,control,0.11813338024489735
winn,control,0.13053364528527212
winn,control,0.09278134113753493
winn,control,0.10983412659383897
winn,control,0.14610566811476258
winn,control,0.11679383536205883
winn,control,0.09571287283624473
winn,control,0.1277807032427489
winn,control,0.10422313917831555
winn,control,0.20673468996926536
winn,control,0.16960810775077273
winn,control,0.10076162586638342
winn,control,0.11023937620270326
winn,control,0.13624593902641657
winn,control,0.11249316540399044
winn,control,0.1645258574698052
winn,control,0.12541735278483104
winn,control,0.11800785872938879
winn,control,0.09857981550838375
winn,control,0.1185730334366028
winn,control,0.07307079958567994
winn,control,0.09084448436098896
winn,control,0.09577859958957416
winn,control,0.11071463296864753
winn,control,0.08470129803050251
winn,control,0.09055227190513727
winn,control,0.1385235877850492
winn,control,0.11080330210473362
winn,control,0.10429147891149118
winn,control,0.07249096510026445
winn,control,0.08094666630965247
winn,control,0.08577612709745969
winn,control,0.08396268900130542
winn,control,0.1707393169429372
winn,control,0.08680854489478418
winn,control,0.0867651806385655
winn,control,0.15071645700936778
winn,control,0.06684843755677373
winn,control,0.0727064294425574
winn,control,0.19247948264746115
winn,control,0.07871923592328536
winn,control,0.0816532095462614
winn,control,0.08002504035107015
winn,control,0.08217438656025468
winn,control,0.10010286369783371
winn,control,0.12915618160643227
winn,control,0.09239804216585082
winn,control,0.09877760246929695
winn,control,0.08667985300097661
winn,control,0.09715845396656018
winn,control,0.11276092064719272
winn,control,0.10503066350866856
winn,control,0.0906816939004042
winn,control,0.12991536505473278
winn,control,0.07994833203744124
winn,control,0.07594664134023471
winn,control,0.0758116507304682
winn,control,0.08586878090780323
winn,control,0.16631296501928297
winn,control,0.11336783851997399
winn,control,0.08804288461453388
winn,control,0.12460490794045383
winn,control,0.10535875640433041
winn,control,0.09025801617240863
winn,control,0.10712974372151329
winn,control,0.07988399363695456
winn,control,0.0793919142473118
winn,control,0.09632120293464298
winn,control,0.12795976648207597
winn,control,0.10524944638076346
winn,control,0.13119657151452657
winn,control,0.32570937560623936
winn,control,0.15376907607645798
winn,control,0.10992262833085616
winn,control,0.13404626731986766
winn,control,0.11854542724295992
winn,control,0.07450154427870562
winn,control,0.10006936731327214
winn,control,0.1451437118941665
winn,control,0.24967994656811301
winn,control,0.09163789764680144
winn,control,0.07538704767985474
winn,control,0.09102206436879792
winn,control,0.1485650211939534
winn,control,0.07090555410975137
winn,control,0.1686529895560063
winn,control,0.1171217798572586
winn,control,0.11514487621348721
winn,control,0.09645781976864402
winn,control,0.08140087048571507
winn,control,0.10425496741243827
winn,control,0.19400878116225093
winn,control,0.10905507303355289
winn,control,0.09080726649717064
winn,control,0.17015739971176785
winn,control,0.09528649792351603
winn,control,0.10071786087045488
winn,control,0.1335078369111534
winn,control,0.07341004473017475
winn,control,0.08367982643601478
winn,control,0.08380565276471666
winn,control,0.06919132345069504
winn,control,0.08425106301050408
winn,control,0.14467340912836987
winn,control,0.0917776564715097
winn,control,0.10411266467650543
winn,control,0.08786241670893495
winn,control,0.09839076823348364
winn,control,0.08998535183382389
winn,control,0.08343118917893684
winn,control,0.19485358223575291
winn,control,0.10854559145983429
winn,control,0.102956624881279
winn,control,0.0816644651792245
winn,control,0.10446522305098517
winn,control,0.09686315459668769
winn,control,0.1499905414389066
winn,control,0.21578741063260842
winn,control,0.06537353754933149
winn,control,0.06463110370336875
winn,control,0.09020191290470592
winn,control,0.15575289854899982
winn,control,0.2152017804967738
winn,control,0.23900493036375328
winn,control,0.1003929268980693
winn,control,0.14049734452017204
winn,control,0.2070163175966469
winn,control,0.0821170772537614
winn,control,0.1659004906165095
winn,control,0.1701145893650009
winn,control,0.15056801324776994
winn,control,0.08393613807816304
winn,control,0.08260036849407343
winn,control,0.07832720580704686
winn,control,0.10265337785959432
winn,control,0.07389760697591267
winn,control,0.07520036099701435
winn,control,0.07197326770181403
winn,control,0.08628005105898288
winn,control,0.12408370587334956
winn,control,0.11704328523112015
winn,control,0.08929319260125061
winn,control,0.10497944378183488
winn,control,0.11804668059727683
winn,control,0.11993121942386072
winn,control,0.11326010868784905
winn,control,0.11406003760391721
winn,control,0.12128913640859715
winn,control,0.09886517875458
winn,control,0.09269066890990167
winn,control,0.10004836055559578
winn,control,0.17195305247043158
winn,control,0.13372232733784248
winn,control,0.1145474139134824
winn,control,0.0971158440033093
winn,control,0.07071673349755365
winn,control,0.06789593698496256
winn,control,0.09761015965181385
winn,control,0.08261659397334499
winn,control,0.14985394710920225
winn,control,0.10686005210730765
winn,control,0.166811270681095
winn,control,0.287935245113675
winn,control,0.39822784489669
winn,control,0.14649698751003773
winn,control,0.08405870100713696
winn,control,0.06249150839557149
winn,control,0.15649842796700614
winn,control,0.07132707557146072
winn,control,0.07396682711183865
winn,control,0.09034113711404546
winn,control,0.07830347254199793
winn,control,0.13450651135231556
winn,control,0.22421411284886408
winn,control,0.0768073134019691
winn,control,0.07394053467981679
winn,control,0.13108527170142267
winn,control,0.18477774960496726
winn,control,0.12942227457102207
winn,control,0.1314833738732716
winn,control,0.10787537274724311
winn,control,0.07900698622434774
winn,control,0.08516740020741022
winn,control,0.0764225240067172
winn,control,0.12408038922626455
winn,control,0.09100472120943953
winn,control,0.07413927868426609
winn,control,0.09335979625367438
winn,control,0.13667048286656033
winn,control,0.09038184876994027
winn,control,0.1335381009954122
winn,control,0.11603594896734179
winn,control,0.08218023116265812
winn,control,0.08384462409770138
winn,control,0.12281449282323718
winn,control,0.0934510088372674
winn,control,0.09484384578314356
winn,control,0.1363169554027269
winn,control,0.16142597278014043
winn,control,0.12424691289752045
winn,control,0.16354200147493025
winn,control,0.13459316982281236
winn,control,0.11843507642623312
winn,control,0.1339654040092581
winn,control,0.08136853464243445
winn,control,0.10298485852726834
winn,control,0.07324989765670628
winn,control,0.07380711879315634
winn,control,0.16654457825185434
winn,control,0.09592833299318382
winn,control,0.07227986196492521
winn,control,0.1115546369694327
winn,control,0.08795593427331813
winn,control,0.10196147534197862
winn,control,0.24698364973716413
winn,control,0.12697619337783672
winn,control,0.21808633430880714
winn,control,0.07672047931946026
winn,control,0.09715180017442142
winn,control,0.09929134908804534
winn,control,0.08087037876135954
winn,control,0.0765609822008133
winn,control,0.07652645281866137
winn,control,0.08857054584668166
winn,control,0.14486141860404128
winn,control,0.1366180808009521
winn,control,0.09842929447032928
winn,control,0.17066135719372386
winn,control,0.08275721831381568
winn,control,0.09555111570126794
winn,control,0.15107759939407542
winn,control,0.08103837306381452
winn,control,0.06896584660966172
winn,control,0.07855589945180141
winn,control,0.07925897102619112
winn,control,0.13763538206828277
winn,control,0.30043134981216024
winn,control,0.21027684766711596
winn,control,0.07732319001195893
winn,control,0.08668088943025157
winn,control,0.13243879188538943
winn,control,0.07809380726032232
winn,control,0.09028930921561974
winn,control,0.10674596179746866
winn,control,0.19866652252423508
winn,control,0.11051182352564493
winn,control,0.10533013030044429
winn,control,0.08601366377091571
winn,control,0.07780973031520118
winn,control,0.09653874134772462
winn,control,0.09075942628004281
winn,control,0.14117606282192738
winn,control,0.15071944851105196
winn,control,0.16276133918888266
winn,control,0.08527451847938407
winn,control,0.11230215746888594
winn,control,0.11505696227702632
winn,control,0.22917791608963256
winn,control,0.11166123319777325
winn,control,0.09712799055941568
winn,control,0.09354304778385131
winn,control,0.1384868292682703
winn,control,0.2940492134022298
winn,control,0.1276787979136848
winn,control,0.24391118154253302
winn,control,0.1992189160215888
winn,control,0.08825724565670377
winn,control,0.1093971089881736
winn,control,0.08242691948323078
winn,control,0.12573474323485243
winn,control,0.08517659683070702
winn,control,0.07757748812075822
winn,control,0.15395133061021302
winn,control,0.16995571760464456
winn,control,0.1202126225038945
winn,control,0.11001195277904394
winn,control,0.18253594203214932
winn,control,0.11085502627237702
winn,control,0.08900120011585216
winn,control,0.10931101242761393
winn,control,0.10481645273758852
winn,control,0.0999449930942724
winn,control,0.16534073211335676
winn,control,0.2786163104770761
winn,control,0.11623378077879583
winn,control,0.07785432325669803
winn,control,0.06469640911525781
winn,control,0.08324041942417446
winn,control,0.06349252804951717
winn,control,0.07691814461907258
winn,control,0.07275138125338015
winn,control,0.07719671887505443
winn,control,0.15495309365653123
winn,control,0.12585787371429055
winn,control,0.21846518814431706
winn,control,0.17185852226916734
winn,control,0.0746413564805764
winn,control,0.072134050772975
winn,control,0.18116956248569668
winn,control,0.08497399992788751
winn,control,0.10094883178337112
winn,control,0.08365222264661513
winn,control,0.23473817248212853
winn,control,0.1340426990433563
winn,control,0.1576759667954618
winn,control,0.09730011547208212
winn,control,0.06852023565267346
winn,control,0.08174739046520604
winn,control,0.08360107950347366
winn,control,0.09567768549247098
winn,control,0.08241982430205731
winn,control,0.07983368654152265
winn,control,0.10291436257705415
winn,control,0.2159206695457681
winn,control,0.08502061261861762
winn,control,0.07039416903815908
winn,control,0.08987635720457329
winn,control,0.10137349824655759
winn,control,0.060779305300925554
winn,control,0.07561600940981722
winn,control,0.08333073520408942
winn,control,0.1463567414284939
winn,control,0.14409230339502888
winn,control,0.09806794084013364
winn,control,0.09446102449252633
winn,control,0.11221087397395398
winn,control,0.11241391337745875
winn,control,0.0934696051560292
winn,control,0.07806469681983831
winn,control,0.0848423967605949
winn,control,0.1117616664420955
winn,control,0.10837972955497938
winn,control,0.07968949130258395
winn,control,0.1100158833097406
winn,control,0.09092636025714725
winn,control,0.16302957439259147
winn,control,0.14422569991479045
winn,control,0.11824793007004554
winn,control,0.11546152185285559
winn,control,0.18703679590367808
winn,control,0.14208658005430924
winn,control,0.07299468463933505
winn,control,0.11684246727159556
winn,control,0.07322155869511435
winn,control,0.09974972546177907
winn,control,0.09405557947374187
winn,control,0.15559948760078873
winn,control,0.0774857489788628
winn,control,0.07698298815217465
winn,control,0.17659552215948432
winn,control,0.08632739281147252
winn,control,0.1510327736063509
winn,control,0.06742209489775436
winn,control,0.07740189969592645
winn,control,0.07980504125347992
winn,control,0.08536317247189212
winn,control,0.1652383191840792
winn,control,0.19618402941775115
winn,control,0.07817624325186404
winn,control,0.07968627264797581
winn,control,0.07276795498541287
winn,control,0.18275199084556185
winn,control,0.09609813670122203
winn,control,0.09915155018877798
winn,control,0.06516810885532384
winn,control,0.1169584032392841
winn,control,0.11174539649800938
winn,control,0.11183199281523526
winn,control,0.12389380151466169
winn,control,0.11059932927982553
winn,control,0.08624539972049125
winn,control,0.12554378482314024
winn,control,0.21771998898656758
winn,control,0.08836379076706401
winn,control,0.06938428761882896
winn,control,0.08153369776782078
winn,control,0.07187827268154488
winn,control,0.07918616274981854
winn,control,0.0804974187079675
winn,control,0.12920094172340887
winn,control,0.07615181894910046
winn,control,0.08454147032036813
winn,control,0.07768004219547532
winn,control,0.07979522821486275
winn,control,0.08159168801429584
winn,control,0.0742748467084291
winn,control,0.09819901465772926
winn,control,0.10689369978489484
winn,control,0.21442210273967977
winn,control,0.0738373339560053
winn,control,0.08021746086108912
winn,control,0.06803163736330699
winn,control,0.07244080852254105
winn,control,0.06753742937335784
winn,control,0.07535520359626503
winn,control,0.13672110072659088
winn,control,0.0964099055714395
winn,control,0.15658563360671054
winn,control,0.05646002945138378
winn,control,0.1503316513065876
winn,control,0.08322409953566716
winn,control,0.06243019400909442
winn,control,0.055890959515933675
winn,control,0.06671223444876245
winn,control,0.10714031794853263
winn,control,0.09318113155074485
winn,control,0.2330659419494359
winn,control,0.1110657214481864
winn,control,0.10797672073194656
winn,control,0.21353154401985142
winn,control,0.07226605794613086
winn,control,0.06752274589047537
winn,control,0.0626090978599062
winn,control,0.1049198624167837
winn,control,0.10119217870191528
winn,control,0.34636844266154904
winn,control,0.09072138196139401
winn,control,0.36840995434324825
winn,control,0.23441311632115325
winn,control,0.1592814803094936
winn,control,0.23423966584009795
winn,control,0.1635035975141809
winn,control,0.13528096632333678
winn,control,0.08191198024999664
winn,control,0.10884970070057289
winn,control,0.11500914491777504
winn,control,0.12774840549134736
winn,control,0.08452004873112191
winn,control,0.11103365974753186
winn,control,0.07699356319886855
winn,control,0.08612572960863688
winn,control,0.07100093730268697
winn,control,0.09425327350234278
winn,control,0.10289699709321391
winn,control,0.1226585628913873
winn,control,0.08351582865625018
winn,control,0.07363162868291852
winn,control,0.09012510639528558
winn,control,0.11822490986010578
winn,control,0.08582723895990198
winn,control,0.16418085595030674
winn,control,0.0976686119245134
winn,control,0.07914096159308862
winn,control,0.14006506010817044
winn,control,0.22436140339171115
winn,control,0.07019461280920833
winn,control,0.10253657381520956
winn,control,0.0785599782311564
winn,control,0.08178039991259409
winn,control,0.11234079037312286
winn,control,0.19818846724313582
winn,control,0.05222027273164139
winn,control,0.0666312462402137
winn,control,0.06045238938328078
winn,control,0.060863847081339004
winn,control,0.09317417454659382
winn,control,0.22368635920623925
winn,control,0.18354830247947668
winn,control,0.3144640463105551
winn,control,0.10428370730267476
winn,control,0.08146665405282334
winn,control,0.06757716858964027
winn,control,0.06499255541470673
winn,control,0.06161895502350829
winn,control,0.07339479876644826
winn,control,0.06923582629862736
winn,control,0.0948790431813938
winn,control,0.11500901297824213
winn,control,0.08804722391323866
winn,control,0.21773910507410318
winn,control,0.07918817462263211
winn,control,0.0750124471495748
winn,control,0.14964835799060827
winn,control,0.28036835652284875
winn,control,0.10235611042059915
winn,control,0.08750430146850999
winn,control,0.10117782714685193
winn,control,0.1048192727443292
winn,control,0.09252273570919307
winn,control,0.15248868993032352
winn,control,0.16101519634864717
winn,control,0.11027723142730207
winn,control,0.08995024805972904
winn,control,0.08277283908713325
winn,control,0.07963499307386492
winn,control,0.09435858610494144
winn,control,0.08324803417175348
winn,control,0.10857487181351222
winn,control,0.17116975144766358
winn,control,0.09477445491551849
winn,control,0.11602562660337168
winn,control,0.07601952567844159
winn,control,0.07764791661518722
winn,control,0.10336070364921092
winn,control,0.1430872563644527
winn,control,0.15476887309219972
winn,control,0.09773199836286994
winn,control,0.10098268679292421
winn,control,0.08301259391437579
winn,control,0.134502737336313
winn,control,0.17593275599670138
winn,control,0.18979354543883975
winn,control,0.17119863165619653
winn,control,0.10023850918715739
winn,control,0.08009857681330122
winn,control,0.08849471360386188
winn,control,0.08575374365300988
winn,control,0.08172008937784422
winn,control,0.10111545473639817
winn,control,0.08819980820285585
winn,control,0.06137194422296659
winn,control,0.06360535523091786
winn,control,0.057391354001623346
winn,control,0.06838046949773378
winn,control,0.06512441367891425
winn,control,0.17191870713931276
winn,control,0.09621175874194607
winn,control,0.12533041412143608
winn,control,0.11309455046154372
winn,control,0.0832621755291663
winn,control,0.08173376024979431
winn,control,0.09004018567821116
winn,control,0.06525253448426373
winn,control,0.07758757078671849
winn,control,0.16697983616698217
winn,control,0.15666782156436512
winn,control,0.09701039355253502
winn,control,0.0789226976538625
winn,control,0.10813042252292937
winn,control,0.09369032528815036
winn,control,0.13142462350940765
winn,control,0.1954237589734958
winn,control,0.15264864144869028
winn,control,0.16333392252780693
winn,control,0.21322518225185141
winn,control,0.1170468543296708
winn,control,0.0975391688234179
winn,control,0.10636860999537315
winn,control,0.1738420957655081
winn,control,0.09273261493351727
winn,control,0.13920542905479832
winn,control,0.0781306878422518
winn,control,0.07200111007084135
winn,control,0.12456521166054269
winn,control,0.19696885234553907
winn,control,0.11598564059188421
winn,control,0.11298729352930707
winn,control,0.06043693425354239
winn,control,0.06238191569996269
winn,control,0.06576576601966341
winn,control,0.1384868514728065
winn,control,0.10854675353802208
winn,control,0.08936609787302846
winn,control,0.07529048629950093
winn,control,0.08181914411155973
winn,control,0.07763470338226792
winn,control,0.06311950234227501
winn,control,0.06669363493613156
winn,control,0.0987341385062478
winn,control,0.1856080856829121
winn,control,0.08146624018436319
winn,control,0.12191964268236267
winn,control,0.15239394560223885
winn,control,0.07587404947557527
winn,control,0.08236589753716907
winn,control,0.1156868710001581
winn,control,0.16694416235494106
winn,control,0.14330067609473637
winn,control,0.12133991784431959
winn,control,0.10424399152387447
winn,control,0.09591852166446115
winn,control,0.09015516237898079
winn,control,0.07504890465702399
winn,control,0.08485035195326436
winn,control,0.11889525299448457
winn,control,0.10436597368862494
winn,control,0.0765922236566025
winn,control,0.1075209174563295
winn,control,0.13583015043650776
winn,control,0.28952543378040607
winn,control,0.14011688759074326
winn,control,0.18074952090815471
winn,control,0.3016596843084163
winn,control,0.282476257243009
winn,control,0.19325892173686604
winn,control,0.19257195989099446
winn,control,0.13551067155695604
winn,control,0.37584092643760786
winn,control,0.16533131802987386
winn,control,0.20200160903486747
winn,control,0.13439100183310523
winn,control,0.06706332599808305
winn,control,0.08525117606038987
winn,control,0.06006157366734204
winn,control,0.05713397320182896
winn,control,0.09352169355168165
winn,control,0.08304627609445113
winn,control,0.06329669702863516
winn,control,0.061865266082871816
winn,control,0.07601779405467522
winn,control,0.06427666105840874
winn,control,0.30490054075914846
winn,control,0.07841731340694137
winn,control,0.07319944667980872
winn,control,0.08463444687942037
winn,control,0.09824865130324487
winn,control,0.09452954610790423
winn,control,0.06976627300476101
winn,control,0.0995431937482813
winn,control,0.0922434370301138
winn,control,0.07723487377941665
winn,control,0.07650206241079821
winn,control,0.08687258998904472
winn,control,0.10475186570751267
winn,control,0.12233849156684387
winn,control,0.09025338724449435
winn,control,0.13142190461442962
winn,control,0.17464277017698074
winn,control,0.27452710000566094
winn,control,0.11233596119684826
winn,control,0.09570485642279428
winn,control,0.12092483182847942
winn,control,0.14516914982699244
winn,control,0.093369529759553
winn,control,0.09582120429093813
winn,control,0.10235791642795937
winn,control,0.11130895926815934
winn,control,0.0817469187010493
winn,control,0.07805427510105045
winn,control,0.13219150203595337
winn,control,0.2119576580759991
winn,control,0.08074195495716739
winn,control,0.14554413669133115
winn,control,0.07168185701282379
winn,control,0.07676615510754993
winn,control,0.09673981436232038
winn,control,0.10296621007698889
winn,control,0.1574110154622581
winn,control,0.12696195867836904
winn,control,0.11916283955855718
winn,control,0.2988433554607301
winn,control,0.0798953834581537
winn,control,0.05131618107234885
winn,control,0.05147901212812072
winn,control,0.06334158940366014
winn,control,0.06586005941852692
winn,control,0.07146288738492622
winn,control,0.0950661074547992
winn,control,0.08122607412622061
winn,control,0.08223973932827515
winn,control,0.18516622640527075
winn,control,0.06625972315223977
winn,control,0.06222269841979639
winn,control,0.06377080257278668
winn,control,0.08339656576144593
winn,control,0.07002798447896505
winn,control,0.0749368145866204
winn,control,0.0864252072602586
winn,control,0.12086535584924775
winn,control,0.08009735238253031
winn,control,0.09228006390827377
winn,control,0.11077796130257578
winn,control,0.07463686080395632
winn,control,0.07118775837804005
winn,control,0.10061503930864758
winn,control,0.157224061339455
winn,control,0.14172498005188713
winn,control,0.09182061127442953
winn,control,0.09394322787104474
winn,control,0.12071905514371152
winn,control,0.19287589940773217
winn,control,0.11931284520931715
winn,control,0.16604283233542427
winn,control,0.09334741958695772
winn,control,0.17337192769490029
winn,control,0.11507775272891035
winn,control,0.13085236897889285
winn,control,0.1205987669057429
winn,control,0.201163329599305
winn,control,0.09068059841219273
winn,control,0.0869941815191625
winn,control,0.15757504440294381
winn,control,0.12423382887756126
winn,control,0.08662386251797558
winn,control,0.3018935603726994
winn,control,0.08655433619293625
winn,control,0.08413637067330021
winn,control,0.09050786472895318
winn,control,0.08467138659150429
winn,control,0.12890601363270324
winn,control,0.15601003793469617
winn,control,0.09747791230896358
winn,control,0.1041862325420279
winn,control,0.07665857527010385
winn,control,0.07985462884812765
winn,control,0.09120258631971548
winn,control,0.1086956657408431
winn,control,0.06847557821533004
winn,control,0.05421130992737367
winn,control,0.08639607765503218
winn,control,0.06640165135340781
winn,control,0.09661051733819406
winn,control,0.09263426662617935
winn,control,0.09315906205979604
winn,control,0.22455365665952454
winn,control,0.09575382273198994
winn,control,0.098040882248107
winn,control,0.04791385756622468
winn,control,0.06382880382204599
winn,control,0.07118221825446318
winn,control,0.08637835706195454
winn,control,0.08546418542506426
winn,control,0.16115517218908362
winn,control,0.20248709027327158
winn,control,0.07204860606592016
winn,control,0.0990875958846919
winn,control,0.11830607068059469
winn,control,0.10713849026939773
winn,control,0.1242173549287387
winn,control,0.13449793514446118
winn,control,0.07343816724508989
winn,control,0.10917273207154908
winn,control,0.12887246609752617
winn,control,0.0896513122613311
winn,control,0.14333024399831848
winn,control,0.10260102797893249
winn,control,0.1637408541584308
winn,control,0.09901187484722172
winn,control,0.2571039758682872
winn,control,0.19056632839193025
winn,control,0.15421688797474442
winn,control,0.1789101590994342
winn,control,0.0947686203891949
winn,control,0.07015922987746977
winn,control,0.08607173179844427
winn,control,0.13460007976942226
winn,control,0.09942277640093931
winn,control,0.13157440753468594
winn,control,0.22440728542898586
winn,control,0.0503484028230888
winn,control,0.07129722103445156
winn,control,0.05898556607014009
winn,control,0.2515616438301752
winn,control,0.16367182696248062
winn,control,0.09619967374980863
winn,control,0.10558222011809759
winn,control,0.06260706835180775
winn,control,0.05252617219069024
winn,control,0.12140778540046483
winn,control,0.19130180352927842
winn,control,0.07843108284531676
winn,control,0.10084736872916213
winn,control,0.18276140715390388
winn,control,0.08892953240142348
winn,control,0.128622863049329
winn,control,0.0735859256219838
winn,control,0.06633971618038982
winn,control,0.07856753516867429
winn,control,0.09379256400807608
winn,control,0.12006745985308234
winn,control,0.18842886191003447
winn,control,0.11527593151186366
winn,control,0.10875845800483623
winn,control,0.09061938141581863
winn,control,0.08953670785492893
winn,control,0.07420013139937681
winn,control,0.07829808341268368
winn,control,0.07836704268146163
winn,control,0.14548315690783248
winn,control,0.19314843596779155
winn,control,0.14253973688130014
winn,control,0.10420803635967212
winn,control,0.09035344448885445
winn,control,0.09778244852712491
winn,control,0.10329754281266015
winn,control,0.11816131796967073
winn,control,0.15274344156556302
winn,control,0.370216970720089
winn,control,0.09766860877428593
winn,control,0.11874275795846818
winn,control,0.10194828661255742
winn,control,0.1299171899633159
winn,control,0.11510892270319907
winn,control,0.1074937874302278
winn,control,0.09887468693400843
winn,control,0.07400090932097575
winn,control,0.0813384088375416
winn,control,0.08284707808963375
winn,control,0.16080340503114468
winn,control,0.15583854349901308
winn,control,0.09652132167273567
winn,control,0.06882549289505438
winn,control,0.06347783592342393
winn,control,0.056304795438768644
winn,control,0.08985545198532477
winn,control,0.07639766526693124
winn,control,0.07775244767819203
winn,control,0.07184634572345228
winn,control,0.09007180023991386
winn,control,0.09415794420721382
winn,control,0.07583234314565343
winn,control,0.09707733805234561
winn,control,0.06260273749771633
winn,control,0.10578231048919719
winn,control,0.09782945609990353
winn,control,0.1280059168967336
winn,control,0.1538320183719842
winn,control,0.08637224014249613
winn,control,0.07257593460905414
winn,control,0.0703275835218519
winn,control,0.08423155634117471
winn,control,0.08849833887261667
winn,control,0.10178464946536535
winn,control,0.11005641651143067
winn,control,0.06903976407408749
winn,control,0.09456329442856647
winn,control,0.11981723477686766
winn,control,0.09259924012953774
winn,control,0.1173679760745712
winn,control,0.14876293642836427
winn,control,0.12128899705703701
winn,control,0.20523048109061948
winn,control,0.11937269084049763
winn,control,0.08197853830094726
winn,control,0.11592646444749191
winn,control,0.10451056812914383
winn,control,0.1250743735988517
winn,control,0.16439475646371113
winn,control,0.08752161156015102
winn,control,0.08897022687598814
winn,control,0.12437417057974737
winn,control,0.14179929159785923
winn,control,0.11231702086524026
winn,control,0.1619863788879287
winn,control,0.08047898037634643
winn,control,0.06669443835669565
winn,control,0.09912198758970082
winn,control,0.0769552591061954
winn,control,0.07019649895850827
winn,control,0.18560134404282402
winn,control,0.11243507876586865
winn,control,0.1601430077036427
winn,control,0.08356797308547892
winn,control,0.09326509266667768
winn,control,0.1313750571993051
winn,control,0.12861760498112695
winn,control,0.09999617042795525
winn,control,0.12801974525891482
winn,control,0.19924647461913642
winn,control,0.14336582485556412
winn,control,0.0981729681437906
winn,control,0.10988985083450496
winn,control,0.2131978718781168
winn,control,0.10725704831248725
winn,control,0.09581616954518135
winn,control,0.11126652509544145
winn,control,0.09368043283870375
winn,control,0.10707766685454101
winn,control,0.18838340049994826
winn,control,0.19416415264787074
winn,control,0.17349576333465813
winn,control,0.2166216898913026
winn,control,0.08484017720469327
winn,control,0.09494637429705048
winn,control,0.10163834054100991
winn,control,0.12223594809176369
winn,control,0.1440371148410188
winn,control,0.08936606859459367
winn,control,0.17276797830289456
winn,control,0.213904645007496
winn,control,0.14089394111852047
winn,control,0.10273653965324965
winn,control,0.09324826976285966
winn,control,0.08144286088684445
winn,control,0.1324127858584607
winn,control,0.10411648325817077
winn,control,0.11029682920749588
winn,control,0.08345463909006286
winn,control,0.09530178060378713
winn,control,0.08830958863616727
winn,control,0.12425241263829058
winn,control,0.2812833755323039
winn,control,0.09986303493634179
winn,control,0.07467065921781942
winn,control,0.08542215991474603
winn,control,0.1008345180313668
winn,control,0.14338500654411723
winn,control,0.10125784134069368
winn,control,0.10774173289052413
winn,control,0.12494568305150018
winn,control,0.12461188975452216
winn,control,0.12760454680763242
winn,control,0.10061528845970878
winn,control,0.14477983409675305
winn,control,0.12086737828871748
winn,control,0.10656143591877418
winn,control,0.08075630515017077
winn,control,0.11852402822143204
winn,control,0.14384482485205674
winn,control,0.11924035324460316
winn,control,0.13636882335164482
winn,control,0.10925719566500679
winn,control,0.1757257783513165
winn,control,0.1248809284778793
winn,control,0.09885697281006449
winn,control,0.07817455309180817
winn,control,0.08020746561495207
winn,control,0.08475671515606568
winn,control,0.10599589105963084
winn,control,0.11962158452744592
winn,control,0.1358429688780394
winn,control,0.12736484013010146
winn,control,0.09260941656839333
winn,control,0.09014337104749473
winn,control,0.08792487631897407
winn,control,0.08691292850623736
winn,control,0.08527133803865139
winn,control,0.12827459363882757
winn,control,0.10861967137133959
winn,control,0.2211715718334368
winn,control,0.07966967881666429
winn,control,0.12643345813077997
winn,control,0.12633521726560284
winn,control,0.17258458588434203
winn,control,0.09856492012572161
winn,control,0.12212302946295366
winn,control,0.09764676027028524
winn,control,0.10356512490747867
winn,control,0.07611147728065527
winn,control,0.1339565425443467
winn,control,0.11094289923290171
winn,control,0.1611265954641989
winn,control,0.13481755708632348
winn,control,0.1353014832701748
winn,control,0.13962342448279727
winn,control,0.10389632801746798
winn,control,0.10620602089705865
winn,control,0.09645779720155317
winn,control,0.11241688989659519
winn,control,0.12183004227359927
winn,control,0.07675613055485582
winn,control,0.09030248448869999
winn,control,0.09796402449251321
winn,control,0.08675438888356087
winn,control,0.13643693859426803
winn,control,0.10229544363762566
winn,control,0.13682222137226482
winn,control,0.10997189869415384
winn,control,0.1045037123977803
winn,control,0.11339118824190507
winn,control,0.06758563796895066
winn,control,0.09815281270873795
winn,control,0.12293379671412691
winn,control,0.07078255386079432
winn,control,0.14598023566622653
winn,control,0.16242528028765668
winn,control,0.11657605512491563
winn,control,0.15626127818318533
winn,control,0.1190304467543868
winn,control,0.10663204088737976
winn,control,0.10990381559261472
winn,control,0.10144105232311561
winn,control,0.07147966635154852
winn,control,0.12021811905922462
winn,control,0.11553172365942313
winn,control,0.17233240689634471
winn,control,0.19642713631510578
winn,control,0.15890959924409423
winn,control,0.15809565186293545
winn,control,0.1494591374553694
winn,control,0.126100025233007
winn,control,0.16473817494798207
winn,control,0.09838348324504988
winn,control,0.11524808379953098
winn,control,0.11018761357028228
winn,control,0.09623162764651472
winn,control,0.09946169551760371
winn,control,0.11026294327592293
winn,control,0.1092944612982923
winn,control,0.11440286812495237
winn,control,0.10022085221119896
winn,control,0.16658675887670443
winn,control,0.10371531571675627
winn,control,0.12348613256069547
winn,control,0.1658850942148013
winn,control,0.11467861892190356
winn,control,0.08725751316399667
winn,control,0.09634247609493188
winn,control,0.10133887926694744
winn,control,0.11626599844010164
winn,control,0.11379380463077186
winn,control,0.07507918156206796
winn,control,0.0901763987515204
winn,control,0.1188746355071338
winn,control,0.11739820717883409
winn,control,0.10739724696943681
winn,control,0.1251581801619171
winn,control,0.10332804674775167
winn,control,0.10186951986696012
winn,control,0.11688625452818185
winn,control,0.11759202554466953
winn,control,0.2214937105640076
winn,control,0.25766124797044415
winn,control,0.19506347075813754
winn,control,0.22509847870566252
winn,control,0.11810361622945927
winn,control,0.10240198852875317
winn,control,0.1490121840218276
winn,control,0.10241479595895855
winn,control,0.13057871509422644
winn,control,0.16989404675758224
winn,control,0.09117338341167756
winn,control,0.10802518626841989
winn,control,0.1291970028005084
winn,control,0.12529802075284543
winn,control,0.13203516686971128
winn,control,0.1071067515432991
winn,control,0.20945527837993988
winn,control,0.09745409986935137
winn,control,0.139646703766504
winn,control,0.1469830242228827
winn,control,0.13100855785866997
winn,control,0.14460005659539957
winn,control,0.10758401149037493
winn,control,0.13444604627363763
winn,control,0.073251666748505
winn,control,0.1011481588359709
winn,control,0.12770901206074642
winn,control,0.11085423579366482
winn,control,0.10159588166133651
winn,control,0.14557339446895784
winn,control,0.1973515971885994
winn,control,0.10865985914364097
winn,control,0.08104287492569089
winn,control,0.09614003673894797
winn,control,0.20469837765101734
winn,control,0.13087023808649947
winn,control,0.10390377438844214
winn,control,0.11773085582113585
winn,control,0.08213455753708339
winn,control,0.12657770098819174
winn,control,0.1396606290022073
winn,control,0.12203517118459133
winn,control,0.0919189102527904
winn,control,0.10621654665203371
winn,control,0.08817547274343573
winn,control,0.07301948033197812
winn,control,0.10327629120597576
winn,control,0.16011794389304101
winn,control,0.23299739758772556
winn,control,0.12438950672256242
winn,control,0.15757573968929092
winn,control,0.12002084481673872
winn,control,0.12092079300193988
winn,control,0.13385422187893284
winn,control,0.27923046023346687
winn,control,0.1733748872950408
winn,control,0.12058978898716627
winn,control,0.12338617048515337
winn,control,0.07958829600111707
winn,control,0.2513575897632106
winn,control,0.20139941062072217
winn,control,0.17857699667075613
winn,control,0.10073500301659291
winn,control,0.1437990141466981
winn,control,0.25740207601928244
winn,control,0.14031086691748715
winn,control,0.13987539917333328
winn,control,0.12489590111466269
winn,control,0.09821960790579319
winn,control,0.11035298398031765
winn,control,0.14613967525231772
winn,control,0.10957805857182829
winn,control,0.192525659621045
winn,control,0.1221623730461713
winn,control,0.14681755952293757
winn,control,0.08760094565310952
winn,control,0.11915540288569758
winn,control,0.13109293924682291
winn,control,0.11828839963492896
winn,control,0.10048331963406432
winn,control,0.09852094330401863
winn,control,0.12006106091743436
winn,control,0.17945940901904675
winn,control,0.1285412419266704
winn,control,0.10529663733106666
winn,control,0.11605560834397079
winn,control,0.15904684496303323
winn,control,0.1265587105121575
winn,control,0.146418382429843
winn,control,0.15714167756738395
winn,control,0.07879380160285678
winn,control,0.08986799036403652
winn,control,0.1408655605991814
winn,control,0.11254878922680267
winn,control,0.1239344105641635
winn,control,0.14046364605270925
winn,control,0.13577576307916758
winn,control,0.10491790012990956
winn,control,0.12049848438702164
winn,control,0.13126337297295607
winn,control,0.1266620699853488
winn,control,0.15283855949659708
winn,control,0.12727708599432236
winn,control,0.11126683744896167
winn,control,0.15319582113047708
winn,control,0.18989109106830307
winn,control,0.12114700032935886
winn,control,0.21185383827102777
winn,control,0.11123076571356212
winn,control,0.22156529043694506
winn,control,0.10702564219979599
winn,control,0.14581888442688729
winn,control,0.2125673382633384
winn,control,0.11239809241736107
winn,control,0.1205379861761053
winn,control,0.25075053611019316
winn,control,0.15098836499953025
winn,control,0.13112281256568262
winn,control,0.13236564847203083
winn,control,0.11594960679825062
winn,control,0.10932054161177211
winn,control,0.13726819959232958
winn,control,0.11923555955598594
winn,control,0.11108194495355309
winn,control,0.07666147639819125
winn,control,0.19355019123243086
winn,control,0.09725790849591828
winn,control,0.12004504233118113
winn,control,0.11453909289412227
winn,control,0.06633655781148519
winn,control,0.14475470807815233
winn,control,0.11031252682532855
winn,control,0.10963109664663032
winn,control,0.14634468287570623
winn,control,0.17561880263597998
winn,control,0.11026866513935993
winn,control,0.14988204311827685
winn,control,0.12971330014356103
winn,control,0.11540609976938657
winn,control,0.10544554329140535
winn,control,0.18626211848838417
winn,control,0.12611743086800903
winn,control,0.2824089844097652
winn,control,0.13006062321763162
winn,control,0.12518578624049737
winn,control,0.2556296197467448
winn,control,0.1265808642497892
winn,control,0.10992398096711832
winn,control,0.13391584916067487
winn,control,0.13490500448327986
winn,control,0.11210002181463705
winn,control,0.13605246185545664
winn,control,0.14174398550692188
winn,control,0.19547467353002068
winn,control,0.13033510986529395
winn,control,0.1383861370501741
winn,control,0.12659659021643999
winn,control,0.10265721114281215
winn,control,0.10837790150225805
winn,control,0.10283893581125726
winn,control,0.15044305554672768
winn,control,0.21874241429782826
winn,control,0.1262359964901013
winn,control,0.12872241622706612
winn,control,0.12271928848698681
winn,control,0.1781844477775565
winn,control,0.18230758419870208
winn,control,0.09513816502300246
winn,control,0.2975815344974814
winn,control,0.12752887938877658
winn,control,0.11841691689281558
winn,control,0.17582999077293746
winn,control,0.11959624875730192
winn,control,0.13169423881508777
winn,control,0.1743669114424556
winn,control,0.1029105770100868
winn,control,0.18059356647184566
winn,control,0.1507348336926059
winn,control,0.16155581030092445
winn,control,0.20057812343463663
winn,control,0.14459703274916422
winn,control,0.345837975668737
winn,control,0.14138429289069226
winn,control,0.08682955364560437
winn,control,0.1456553161149557
winn,control,0.12637420412804848
winn,control,0.12091775481253995
winn,control,0.13317257269794552
winn,control,0.0873988148295881
winn,control,0.16402036834358463
winn,control,0.1401461165993628
winn,control,0.1281189316104549
winn,control,0.14239056558976368
winn,control,0.09497324052785147
winn,control,0.11732464167319114
winn,control,0.16314543124860567
winn,control,0.1676295371012634
winn,control,0.14654282444354053
winn,control,0.15499282621778743
winn,control,0.12249396432308812
winn,control,0.13130493275634852
winn,control,0.17892312843762898
winn,control,0.12542614969464372
winn,control,0.08581945176410248
winn,control,0.1178577050822434
winn,control,0.12160618498493968
winn,control,0.17137876158708584
winn,control,0.11050887844256231
winn,control,0.16006136777853192
winn,control,0.1453418469501198
winn,control,0.09316217154106418
winn,control,0.29208815423927675
winn,control,0.0915039871381177
winn,control,0.11856082119217418
winn,control,0.11217846614321406
winn,control,0.13974454975653874
winn,control,0.1416126409905385
winn,control,0.1856398864199839
winn,control,0.21583598922554692
winn,control,0.10441657516575588
winn,control,0.1741247088115116
winn,control,0.1909075375128516
winn,control,0.14301368163697803
winn,control,0.15578112430519195
winn,control,0.2017546861482705
winn,control,0.13721351508556878
winn,control,0.10824242082966057
winn,control,0.08729594814281126
winn,control,0.17354131655675184
winn,control,0.16992840067509699
winn,control,0.1237253708251479
winn,control,0.12260895778377771
winn,control,0.1312712869383354
winn,control,0.09621377051153517
winn,control,0.17102607791057187
winn,control,0.10610146511967539
winn,control,0.09548074507500624
winn,control,0.19434470194173786
winn,control,0.19227939867742955
winn,control,0.12509360103720685
winn,control,0.18183271550001404
winn,control,0.09112072616077548
winn,control,0.1403786059401008
winn,control,0.11177343220582638
winn,control,0.16034083035390864
winn,control,0.16831472913813553
winn,control,0.11897297976487695
winn,control,0.13179320115453874
winn,control,0.10991623987564217
winn,control,0.1008245340360013
winn,control,0.1161553812520938
winn,control,0.12207408213623853
winn,control,0.15799461754726163
winn,control,0.18473338277805046
winn,control,0.18556255068025343
winn,control,0.11808038953815796
winn,control,0.1170782852648235
winn,control,0.08272151099214209
winn,control,0.17391453374136012
winn,control,0.13597681357981434
winn,control,0.11684552527242242
winn,control,0.0946996626926959
winn,control,0.34928284789204783
winn,control,0.08791482791140587
winn,control,0.12936752512194807
winn,control,0.14933157546656492
winn,control,0.19253719165346142
winn,control,0.12302807568876238
winn,control,0.13252659926338364
winn,control,0.17146492954445888
winn,control,0.09625256914470313
winn,control,0.10485496299565462
winn,control,0.31791766539919053
winn,control,0.106118981438317
winn,control,0.13058113030253637
winn,control,0.1424530619854951
winn,control,0.13104012588705008
winn,control,0.1456277323037052
winn,control,0.15274846855964513
winn,control,0.11961109243720872
winn,control,0.16954149324616014
winn,control,0.22132330949931517
winn,control,0.10961969556478987
winn,control,0.36332117671538844
winn,control,0.11624663507158907
winn,control,0.13857133808383773
winn,control,0.15654677165871453
winn,control,0.14520744478857198
winn,control,0.14051360243334926
winn,control,0.12004701641534629
winn,control,0.12468306021320393
winn,control,0.31863471734084714
winn,control,0.12190451305841296
winn,control,0.11170026387717034
winn,control,0.17008269358385675
winn,control,0.1383543318327307
winn,control,0.07590230776205127
winn,control,0.08039702364165772
winn,control,0.09718521268944305
winn,control,0.32804170960419143
winn,control,0.12569078028956931
winn,control,0.186961158695925
winn,control,0.11041669850235968
winn,control,0.2739787827217386
winn,control,0.1221181887732125
winn,control,0.132462103633967
winn,control,0.17992987442634248
winn,control,0.13645589846412437
winn,control,0.09238885483151542
winn,control,0.11738439018754153
winn,control,0.13963291775384434
winn,control,0.08013666312695876
winn,control,0.07006884618174633
winn,control,0.14932001856070007
winn,control,0.10792586348274434
winn,control,0.14047818053880143
winn,control,0.0748919194686363
winn,control,0.11679692912885303
winn,control,0.0966882922931838
winn,control,0.11116528600102803
winn,control,0.10193922199751652
winn,control,0.1469246504846992
winn,control,0.11653023865457755
winn,control,0.14484872968265677
winn,control,0.08582410617753902
winn,control,0.18652471658276698
winn,control,0.1374060005170609
winn,control,0.09316736330386637
winn,control,0.07307591838200639
winn,control,0.1252653960617521
winn,control,0.10216628143450851
winn,control,0.08255828899516637
winn,control,0.08833667394642766
winn,control,0.08004257792718229
winn,control,0.12895361061790866
winn,control,0.11125396547609914
winn,control,0.11293626312537466
winn,control,0.09969884647086255
winn,control,0.08266964499683721
winn,control,0.14227124177589234
winn,control,0.08299315627357533
winn,control,0.10225571522680597
winn,control,0.14513365749924298
winn,control,0.12527225757089436
winn,control,0.08536068748139589
winn,control,0.09468283898320914
winn,control,0.12147425501260865
winn,control,0.0956827870189356
winn,control,0.08776303339817734
winn,control,0.07742258418280645
winn,control,0.07317070725189546
winn,control,0.07830330467271714
winn,control,0.08150007743836696
winn,control,0.10195994288158608
winn,control,0.10220922559297226
winn,control,0.1145957843294314
winn,control,0.09766841303650976
winn,control,0.12338300652243754
winn,control,0.13751614149221242
winn,control,0.09030744552912491
winn,control,0.13817276450143584
winn,control,0.08250835636092568
winn,control,0.0743422191350006
winn,control,0.10763782172600087
winn,control,0.07350023227166365
winn,control,0.146621833045668
winn,control,0.09520611105907117
winn,control,0.09645884983310961
winn,control,0.1101987553184915
winn,control,0.08658724282034132
winn,control,0.08781310672467635
winn,control,0.09072932660279627
winn,control,0.09648297271142066
winn,control,0.07559772194381857
winn,control,0.07407055799132038
winn,control,0.07669805299658275
winn,control,0.07670004303209728
winn,control,0.10991789605574763
winn,control,0.0967176404146461
winn,control,0.08425490895024773
winn,control,0.0915990377509604
winn,control,0.11708474566482038
winn,control,0.10133886368334229
winn,control,0.07431317918165992
winn,control,0.10366923804637339
winn,control,0.14331371173574925
winn,control,0.08685082495177976
winn,control,0.11964927558212296
winn,control,0.07205686915691173
winn,control,0.09441723505827761
winn,control,0.08552752858281863
winn,control,0.12027270479801652
winn,control,0.07317146752935608
winn,control,0.10684759972647874
winn,control,0.11381166596863891
winn,control,0.07189523251917981
winn,control,0.07416737297339403
winn,control,0.0944415000848328
winn,control,0.10330823454538561
winn,control,0.1090774415149582
winn,control,0.09767694733793178
winn,control,0.089920945476718
winn,control,0.06921262591944811
winn,control,0.10619234467500421
winn,control,0.09690190049313996
winn,control,0.08523931889009474
winn,control,0.0740988004378355
winn,control,0.06916717200560571
winn,control,0.07421024731361861
winn,control,0.12797066764309573
winn,control,0.0925473372715982
winn,control,0.0883524040570647
winn,control,0.0726971994052044
winn,control,0.13569066345795325
winn,control,0.14468138124143487
winn,control,0.08321806971859438
winn,control,0.07194740559155983
winn,control,0.07944487988852544
winn,control,0.0705203323157986
winn,control,0.1454021661106045
winn,control,0.10312245072842956
winn,control,0.07694797045088576
winn,control,0.07687189562024543
winn,control,0.13291174118568727
winn,control,0.12612175097999367
winn,control,0.13425357598687235
winn,control,0.13855306739301884
winn,control,0.07638002187370772
winn,control,0.07394712230033613
winn,control,0.14879036303951146
winn,control,0.08582890871523506
winn,control,0.08089408125923526
winn,control,0.0750488019083347
winn,control,0.11828898152018855
winn,control,0.08285796260570444
winn,control,0.08277044116811064
winn,control,0.08109924254581452
winn,control,0.08537851342547238
winn,control,0.07670259608780759
winn,control,0.1611831015016788
winn,control,0.13076545112142682
winn,control,0.08334787110226902
winn,control,0.14008362952513548
winn,all,0.1322925612996099
winn,all,0.30971315057442333
winn,all,0.1516810434508344
winn,all,0.1412376353493004
winn,all,0.39695160317044115
winn,all,0.3221549760255462
winn,all,0.21547044226493542
winn,all,0.18009786321327548
winn,all,0.19097311406461048
winn,all,0.2670471808702899
winn,all,0.28018080940441076
winn,all,0.16731539863136102
winn,all,0.13425689741976102
winn,all,0.17948122209690315
winn,all,0.17687813230317093
winn,all,0.27597691162937066
winn,all,0.26561274732761697
winn,all,0.22967597077473792
winn,all,0.2118071468074132
winn,all,0.16542015767512566
winn,all,0.24234536818414754
winn,all,0.17099075141035927
winn,all,0.13929792575614028
winn,all,0.23704731246433824
winn,all,0.18507372523784932
winn,all,0.18238262936519625
winn,all,0.18582454596922476
winn,all,0.2775878127953608
winn,all,0.2223465221361326
winn,all,0.16971772373058552
winn,all,0.3271424606394925
winn,all,0.4352502681005318
winn,all,0.13707639567364102
winn,all,0.21122270423081152
winn,all,0.1803650117698513
winn,all,0.363889833706185
winn,all,0.13200096798908798
winn,all,0.12931381718292304
winn,all,0.13913162707446014
winn,all,0.14606011568469116
winn,all,0.11011567910061511
winn,all,0.3465572728140393
winn,all,0.12761593031934837
winn,all,0.1269028042381017
winn,all,0.14003682354949853
winn,all,0.12103267077914505
winn,all,0.1256436184349086
winn,all,0.1302410110532427
winn,all,0.17570659224085083
winn,all,0.18613008342435666
winn,all,0.23391801041575475
winn,all,0.12958489829762612
winn,all,0.14669035294654517
winn,all,0.12269061168894647
winn,all,0.19812272715146126
winn,all,0.1856666337270609
winn,all,0.19324470692097803
winn,all,0.13955125041640523
winn,all,0.37544085173458347
winn,all,0.18715704419553825
winn,all,0.2915752192232147
winn,all,0.285691946752154
winn,all,0.17566017460978794
winn,all,0.2888136382483533
winn,all,0.39860504830631
winn,all,0.20336130984967435
winn,all,0.24319259535220092
winn,all,0.4366793580789033
winn,all,0.19934908475105273
winn,all,0.15396179315788378
winn,all,0.15481649961387614
winn,all,0.15811665921432755
winn,all,0.1721567436422597
winn,all,0.2326840184362857
winn,all,0.15813950656885034
winn,all,0.11542857668149822
winn,all,0.16527950632134994
winn,all,0.19978008255810348
winn,all,0.34295744888086854
winn,all,0.17087910508784898
winn,all,0.13297684556224773
winn,all,0.11245167282313345
winn,all,0.11787140273316807
winn,all,0.19850721815239836
winn,all,0.2817681572879712
winn,all,0.216621730649184
winn,all,0.15317252604925954
winn,all,0.12027230882496513
winn,all,0.1842155331089803
winn,all,0.2326257610111078
winn,all,0.12475800266027993
winn,all,0.16691453885777646
winn,all,0.20341369409440824
winn,all,0.1494070068241629
winn,all,0.3014887427942172
winn,all,0.33808626342024956
winn,all,0.2417568016212371
winn,all,0.20151086107313418
winn,all,0.1852167848243088
winn,all,0.1764333510166047
winn,all,0.23153718711483065
winn,all,0.14539583908260006
winn,all,0.1201271907386724
winn,all,0.1818040113010623
winn,all,0.1827748212459765
winn,all,0.1763611789546507
winn,all,0.15926251697402802
winn,all,0.17674875256379108
winn,all,0.11023663544342983
winn,all,0.1657494780808307
winn,all,0.11630649716667035
winn,all,0.20381880817572412
winn,all,0.2151655199504254
winn,all,0.31916316041679144
winn,all,0.18175423068816499
winn,all,0.13151486579022612
winn,all,0.35837067909891734
winn,all,0.20764816282108045
winn,all,0.15791651901634984
winn,all,0.11662443269797182
winn,all,0.13922929425418948
winn,all,0.1259895415508266
winn,all,0.1319496713854678
winn,all,0.15098878970224128
winn,all,0.21318008931976445
winn,all,0.13783113314270434
winn,all,0.3019179719141061
winn,all,0.169580504368274
winn,all,0.20511783638229197
winn,all,0.106964717258056
winn,all,0.1749004738572445
winn,all,0.20876567434718396
winn,all,0.18349605457033635
winn,all,0.16774806412408744
winn,all,0.14930657395601
winn,all,0.22443678884541066
winn,all,0.12388662889597216
winn,all,0.1310766892195535
winn,all,0.21016245888324697
winn,all,0.20121746322953368
winn,all,0.24252114717500461
winn,all,0.1801722147653215
winn,all,0.11097801991085628
winn,all,0.15834450607710412
winn,all,0.14838473973025063
winn,all,0.1636388951712695
winn,all,0.22373535443392062
winn,all,0.18268404172161196
winn,all,0.1436224542282125
winn,all,0.15331842585895059
winn,all,0.2780053243766818
winn,all,0.4154932412567754
winn,all,0.2520799874492941
winn,all,0.15638459410618885
winn,all,0.1809680900626658
winn,all,0.25719557183999375
winn,all,0.15468769379358982
winn,all,0.4421172513983989
winn,all,0.2008959725981607
winn,all,0.25838974614493126
winn,all,0.21934986893190905
winn,all,0.15064364119220194
winn,all,0.17479978840257226
winn,all,0.18455121230569646
winn,all,0.1776138573891125
winn,all,0.34175167311653465
winn,all,0.23469618413232649
winn,all,0.15776186963668332
winn,all,0.1393344921166607
winn,all,0.1499985371795786
winn,all,0.12722208831239407
winn,all,0.1310533775274027
winn,all,0.12095182019450805
winn,all,0.13252455932424326
winn,all,0.12351062520913796
winn,all,0.12360142016539623
winn,all,0.16699506708567624
winn,all,0.12933792829246316
winn,all,0.12788256546896437
winn,all,0.13493853794367694
winn,all,0.12301073594239054
winn,all,0.1411108228148772
winn,all,0.11453664342128388
winn,all,0.21396351356406368
winn,all,0.20058610986802472
winn,all,0.2558446107223243
winn,all,0.3875336429862683
winn,all,0.11119662897867322
winn,all,0.13169941385984626
winn,all,0.2356263552565126
winn,all,0.13264406686755706
winn,all,0.1418606289344832
winn,all,0.16158199447724259
winn,all,0.13155815300316076
winn,all,0.22520679769027913
winn,all,0.1943835104100471
winn,all,0.16803740094314434
winn,all,0.1727713953720759
winn,all,0.24659087153479242
winn,all,0.1756910887247406
winn,all,0.19471616416075624
winn,all,0.19007800684685042
winn,all,0.16132321493254767
winn,all,0.3221959251736757
winn,all,0.15332380520109298
winn,all,0.14629862668135937
winn,all,0.17103530203026304
winn,all,0.1844642430504292
winn,all,0.2005725286379738
winn,all,0.1822811655449548
winn,all,0.2060451413881765
winn,all,0.1549762094860573
winn,all,0.20055313834873226
winn,all,0.16091498634386237
winn,all,0.33015361284785194
winn,all,0.183044710249194
winn,all,0.16015817762254875
winn,all,0.19477797563848448
winn,all,0.20269780335224477
winn,all,0.18981114992993248
winn,all,0.32204853288301616
winn,all,0.7085787049658698
winn,all,0.27974334970705117
winn,all,0.28536432921258054
winn,all,0.1702900739074408
winn,all,0.1683192879753497
winn,all,0.1244067983256062
winn,all,0.15763490317752474
winn,all,0.17809891557652188
winn,all,0.2603680335456155
winn,all,0.27026867913251407
winn,all,0.13200080790327193
winn,all,0.12921964130985217
winn,all,0.17241678987986586
winn,all,0.17064445591500224
winn,all,0.18363309519416662
winn,all,0.190256164959454
winn,all,0.13944687659288305
winn,all,0.14146132688846727
winn,all,0.17059579373071054
winn,all,0.15484863984601915
winn,all,0.18394387113356628
winn,all,0.1911837214040819
winn,all,0.13207198423258998
winn,all,0.21750533758509175
winn,all,0.1365615123199238
winn,all,0.18211011332854782
winn,all,0.17713189508093746
winn,all,0.11337336756597945
winn,all,0.11926021306077994
winn,all,0.15508073404722195
winn,all,0.15778684395920178
winn,all,0.12403598531721058
winn,all,0.28408496225856117
winn,all,0.13249284903866249
winn,all,0.1408225703626292
winn,all,0.11931172461277574
winn,all,0.12108837543138928
winn,all,0.15021291556679534
winn,all,0.20337448179512133
winn,all,0.4753116279948851
winn,all,0.3307945240590867
winn,all,0.15376641578389494
winn,all,0.14028584837336894
winn,all,0.144256623409008
winn,all,0.19366793606133928
winn,all,0.19987656765205014
winn,all,0.3917183852781973
winn,all,0.1548708505821783
winn,all,0.1311300824792141
winn,all,0.15957490120117535
winn,all,0.31428839277689763
winn,all,0.27600689178885973
winn,all,0.5248589163537293
winn,all,0.17080308770869393
winn,all,0.24773745492898927
winn,all,0.4790010274214594
winn,all,0.16611722848299412
winn,all,0.3678168964545169
winn,all,0.38071123704738746
winn,all,0.2815198287608881
winn,all,0.1481337895522655
winn,all,0.20459647724593735
winn,all,0.14918357095072843
winn,all,0.29924558277228525
winn,all,0.20727326476194577
winn,all,0.17518848270650367
winn,all,0.16236898313277126
winn,all,0.12957372005993736
winn,all,0.13724630396806325
winn,all,0.15014711781595905
winn,all,0.17960417562681133
winn,all,0.18807060132959097
winn,all,0.25069143570725444
winn,all,0.14550044115088578
winn,all,0.18063022889875732
winn,all,0.21208527852794298
winn,all,0.2601195621311107
winn,all,0.16772573304174776
winn,all,0.19200372321120757
winn,all,0.2477796591224287
winn,all,0.480093706235179
winn,all,0.36728256990208896
winn,all,0.23399929698259533
winn,all,0.1322170611318588
winn,all,0.10653526852736803
winn,all,0.10705209582637534
winn,all,0.15738291794955006
winn,all,0.1339955997128905
winn,all,0.17352088187752948
winn,all,0.253495885333685
winn,all,0.1643181381507789
winn,all,0.30807035045112235
winn,all,0.33480346659965426
winn,all,0.18294938716394554
winn,all,0.1509095833117152
winn,all,0.09967388528747188
winn,all,0.20628981128856716
winn,all,0.11058874478603538
winn,all,0.2905624289209468
winn,all,0.16198234653821014
winn,all,0.1893908646033041
winn,all,0.15671316965386212
winn,all,0.7339809312281934
winn,all,0.15676275486231042
winn,all,0.11973939028605617
winn,all,0.2040836974947524
winn,all,0.2713324889310467
winn,all,0.19725628505706214
winn,all,0.2081205247321955
winn,all,0.16708146652091635
winn,all,0.15948769475558414
winn,all,0.15903875988841426
winn,all,0.21169418617109662
winn,all,0.28141906327097166
winn,all,0.14863180307959878
winn,all,0.18306613584937428
winn,all,0.19820770781946
winn,all,0.1616298924223354
winn,all,0.17649123118433938
winn,all,0.14551636632662046
winn,all,0.1531697352086829
winn,all,0.15708720568917142
winn,all,0.13181902842754614
winn,all,0.17170566469171147
winn,all,0.15946777504234613
winn,all,0.13119076997862464
winn,all,0.1848315864256165
winn,all,0.32370062060588556
winn,all,0.3954246331562059
winn,all,0.564843880532168
winn,all,0.24219719564536277
winn,all,0.2658943499748223
winn,all,0.29454715005963417
winn,all,0.1623766790322879
winn,all,0.14825449449480865
winn,all,0.1581688611572532
winn,all,0.21368478637098107
winn,all,0.18342365074137168
winn,all,0.18712258077100388
winn,all,0.1877488168563985
winn,all,0.42426466583827577
winn,all,0.2886750048205651
winn,all,0.22142215244585922
winn,all,0.5622170743199817
winn,all,0.33844597459174924
winn,all,0.2702026389791628
winn,all,0.126289343628681
winn,all,0.21631099598023723
winn,all,0.23985105792013056
winn,all,0.14404363473428963
winn,all,0.1694341167542354
winn,all,0.1660624409393832
winn,all,0.2968854320450439
winn,all,0.15550896788456567
winn,all,0.2726889822688347
winn,all,0.14414963259793587
winn,all,0.2491280122685835
winn,all,0.20473962885259203
winn,all,0.25582153394339696
winn,all,0.46508372630917694
winn,all,0.19467054797944855
winn,all,0.11254603437546397
winn,all,0.19416621657277075
winn,all,0.12341426882878236
winn,all,0.1902966892472638
winn,all,0.27714199548947466
winn,all,0.701609629637146
winn,all,0.13549532912692977
winn,all,0.21346350824493193
winn,all,0.24386849544900666
winn,all,0.24565113948602527
winn,all,0.18852706101349884
winn,all,0.3331682933280264
winn,all,0.5775028869002855
winn,all,0.34361301263985006
winn,all,0.21656293464793608
winn,all,0.18256860541075107
winn,all,0.14669187593287764
winn,all,0.15212485820004035
winn,all,0.1770691889471141
winn,all,0.2818067419646111
winn,all,0.5441201596204827
winn,all,0.4066759265616079
winn,all,0.19471761506417556
winn,all,0.14146203425809134
winn,all,0.22079268627678428
winn,all,0.47359642797832624
winn,all,0.2671344276235379
winn,all,0.2707049198677398
winn,all,0.22124370498852206
winn,all,0.15700083169485723
winn,all,0.6766722639742857
winn,all,0.24218978197732646
winn,all,0.45618027848232623
winn,all,0.36410974689902065
winn,all,0.22970603943650492
winn,all,0.3820806649746507
winn,all,0.257380635611993
winn,all,0.4528657912944908
winn,all,0.2450221688061723
winn,all,0.12044790429942251
winn,all,0.17842443438993208
winn,all,0.22234571021708532
winn,all,0.27786816319576163
winn,all,0.3228378492371138
winn,all,0.5596174019538567
winn,all,0.3278168625278783
winn,all,0.16660536979808452
winn,all,0.21712732787274874
winn,all,0.3633221481562512
winn,all,0.18558730599441522
winn,all,0.17658525419643306
winn,all,0.28248732373485314
winn,all,0.36362562250452385
winn,all,0.19116454244705383
winn,all,0.09942864736918383
winn,all,0.12045011335596621
winn,all,0.12599493945586565
winn,all,0.12208552237960657
winn,all,0.13726622572276795
winn,all,0.20458711728990564
winn,all,0.3106870930263742
winn,all,0.21122043441584634
winn,all,0.2503373049544185
winn,all,0.4084988577770546
winn,all,0.17660191979318973
winn,all,0.13760437327864503
winn,all,0.23809137900456634
winn,all,0.1754353189758276
winn,all,0.16096493793347755
winn,all,0.1955669342767256
winn,all,0.4867274397699712
winn,all,0.27833522305685116
winn,all,0.49360262030223984
winn,all,0.252591636418143
winn,all,0.18570405213177063
winn,all,0.22707203702810663
winn,all,0.1388308425076162
winn,all,0.14134947197001152
winn,all,0.17324707858836344
winn,all,0.2154957953259949
winn,all,0.11990039053655388
winn,all,0.6808056647670986
winn,all,0.20328677354302005
winn,all,0.12867742799860907
winn,all,0.17950456384319846
winn,all,0.1406564417402481
winn,all,0.10033807759934774
winn,all,0.12351014568240141
winn,all,0.19708559536342454
winn,all,0.5111411143354427
winn,all,0.3529117828230966
winn,all,0.2667997741607175
winn,all,0.11869062901241834
winn,all,0.1518075631970605
winn,all,0.169121426645961
winn,all,0.2133754812634097
winn,all,0.22368765074719973
winn,all,0.2446253162413662
winn,all,0.18774167665643204
winn,all,0.17063045581362013
winn,all,0.1307800309453894
winn,all,0.18459637371761972
winn,all,0.1174385841089263
winn,all,0.2874297324617425
winn,all,0.18859822533800366
winn,all,0.24219927366464122
winn,all,0.19813667344014727
winn,all,0.34373758226575707
winn,all,0.42349437908716164
winn,all,0.19013396297718513
winn,all,0.18839814702130867
winn,all,0.11718057066645451
winn,all,0.12879503579998408
winn,all,0.18760597834471315
winn,all,0.5312618409717934
winn,all,0.14048279758942245
winn,all,0.1290959914132036
winn,all,0.2006302242034024
winn,all,0.2775689621536414
winn,all,0.510543706690871
winn,all,0.17120039776201493
winn,all,0.12000405797244432
winn,all,0.13533302673911662
winn,all,0.15815067269419192
winn,all,0.1723943199712862
winn,all,0.18084439370068175
winn,all,0.20416144567197947
winn,all,0.11543097694254144
winn,all,0.14018846108443986
winn,all,0.19597201994879357
winn,all,0.24806437768539774
winn,all,0.25841153134496614
winn,all,0.17205019807264257
winn,all,0.18978206240478804
winn,all,0.14130778272836045
winn,all,0.183361403605082
winn,all,0.25794856220352036
winn,all,0.3219165136427741
winn,all,0.22451195979148947
winn,all,0.30611689787920493
winn,all,0.5652914464761719
winn,all,0.13107635978592613
winn,all,0.18619472461348086
winn,all,0.18155521301473
winn,all,0.12731967500531455
winn,all,0.10680532475411426
winn,all,0.09965087394605542
winn,all,0.1607092190271922
winn,all,0.12395930044883652
winn,all,0.16810100889603188
winn,all,0.15503945199169075
winn,all,0.1826710294712237
winn,all,0.138271698043186
winn,all,0.1579885674177849
winn,all,0.29371626029707365
winn,all,0.24936983943905566
winn,all,0.2112607673178785
winn,all,0.15688171481501798
winn,all,0.17712681335169178
winn,all,0.1740448927666122
winn,all,0.14951596688244093
winn,all,0.12341197390400215
winn,all,0.20322945724945068
winn,all,0.5015587426327462
winn,all,0.1442341984880978
winn,all,0.16182285868424134
winn,all,0.09500822965828502
winn,all,0.28890099479087106
winn,all,0.12616562974622783
winn,all,0.09499184946960924
winn,all,0.12115071759512494
winn,all,0.1664373870735356
winn,all,0.15759153978578178
winn,all,0.34986611138188545
winn,all,0.27192533324789875
winn,all,0.33847797587061734
winn,all,0.3006912927005588
winn,all,0.5668579238997412
winn,all,0.1812306482674383
winn,all,0.1102920450751518
winn,all,0.09554427988685296
winn,all,0.15140446390042805
winn,all,0.22803390406303184
winn,all,0.3843803088315716
winn,all,0.1309061591199291
winn,all,0.7930738809783774
winn,all,0.5332960276232869
winn,all,0.3635345405176317
winn,all,0.37540199734409474
winn,all,0.2413624475418441
winn,all,0.3399576646295031
winn,all,0.1622352580328937
winn,all,0.25571223451061026
winn,all,0.2472246668803937
winn,all,0.35831386219846767
winn,all,0.15660593962542027
winn,all,0.14830958205624734
winn,all,0.10799477363272718
winn,all,0.173183791502109
winn,all,0.10125253083712678
winn,all,0.1265887415039696
winn,all,0.16249760700186924
winn,all,0.21037014061236156
winn,all,0.11376053637356034
winn,all,0.1874291315551208
winn,all,0.1427796691077194
winn,all,0.16367196863941683
winn,all,0.22828568494711876
winn,all,0.18049759648452499
winn,all,0.12594902097428
winn,all,0.16991724408881412
winn,all,0.5109635362675311
winn,all,0.7359979032026058
winn,all,0.18041802061393347
winn,all,0.2137108864384285
winn,all,0.15201863911267108
winn,all,0.19561325161058
winn,all,0.33380778723301086
winn,all,0.21904165108602627
winn,all,0.13918610384847827
winn,all,0.1577526930804186
winn,all,0.15859824505269746
winn,all,0.1641911280036355
winn,all,0.12085502164505507
winn,all,0.20885206938022352
winn,all,0.19752851672227584
winn,all,0.2661656319936187
winn,all,0.34338960697314264
winn,all,0.22796123923050995
winn,all,0.13895424701046213
winn,all,0.16861719507472578
winn,all,0.09922058639180693
winn,all,0.11612934691240379
winn,all,0.1208648272283125
winn,all,0.19843530331204187
winn,all,0.14561507700758117
winn,all,0.16007086850306299
winn,all,0.4923432579685474
winn,all,0.16574566910662283
winn,all,0.13702098390404846
winn,all,0.16114019781495806
winn,all,0.6342447725152414
winn,all,0.16045948312349503
winn,all,0.13647935135246475
winn,all,0.17167793909168091
winn,all,0.2326443539311612
winn,all,0.18373736694353374
winn,all,0.20793243324097713
winn,all,0.20837237636614192
winn,all,0.16618557088989783
winn,all,0.12385628952833107
winn,all,0.16093910545511667
winn,all,0.14432580325589806
winn,all,0.11475852921839541
winn,all,0.10449172832721436
winn,all,0.2558886942140987
winn,all,0.16834157326193178
winn,all,0.12293330008998866
winn,all,0.18543770739303198
winn,all,0.1904088052831582
winn,all,0.10402449679898494
winn,all,0.3155769436009757
winn,all,0.1896406663796855
winn,all,0.18356728720642246
winn,all,0.2278006754409292
winn,all,0.18718053308963184
winn,all,0.2804727948312047
winn,all,0.3731120133544572
winn,all,0.5101194779512436
winn,all,0.5917356590012878
winn,all,0.29872755392083233
winn,all,0.30639163255577967
winn,all,0.1515001700647078
winn,all,0.1709673231253247
winn,all,0.14867172804178516
winn,all,0.21607880535901808
winn,all,0.18188626869667887
winn,all,0.30261497290837025
winn,all,0.0854511463524979
winn,all,0.08770121338262594
winn,all,0.10377821878488344
winn,all,0.1348570183747321
winn,all,0.1455983604121781
winn,all,0.1980693928974122
winn,all,0.14135908467633945
winn,all,0.4674760057166865
winn,all,0.3663459786251757
winn,all,0.14875957696117922
winn,all,0.11518435542262447
winn,all,0.12048760014562744
winn,all,0.09494559328070129
winn,all,0.12600347109207582
winn,all,0.3320257985779273
winn,all,0.21818783792517824
winn,all,0.29973652854235416
winn,all,0.18463070131627887
winn,all,0.12885886461717308
winn,all,0.10482268661700352
winn,all,0.14876425428106926
winn,all,0.22799306146248305
winn,all,0.5162843750244448
winn,all,0.5867819046220959
winn,all,0.3526475681776344
winn,all,0.14841748863456689
winn,all,0.19800916632425877
winn,all,0.34794466564151233
winn,all,0.22305175981923728
winn,all,0.1430907398049503
winn,all,0.5545237342368303
winn,all,0.29441100947535204
winn,all,0.10916807915975997
winn,all,0.32071373392648445
winn,all,0.4437034589183968
winn,all,0.25152646070697565
winn,all,0.2752797497960912
winn,all,0.1062924472146396
winn,all,0.1197991464033784
winn,all,0.1618140332224696
winn,all,0.1925298555040242
winn,all,0.1527637456121002
winn,all,0.15790377221215407
winn,all,0.1418609338904405
winn,all,0.14629967905468394
winn,all,0.09169895842672361
winn,all,0.10107928384308551
winn,all,0.1277747339783517
winn,all,0.16061790326739345
winn,all,0.2580644700105449
winn,all,0.1588093250718513
winn,all,0.42993917556135974
winn,all,0.3288638168294775
winn,all,0.13544355797614288
winn,all,0.10704421164548007
winn,all,0.12557042946128666
winn,all,0.31450707457064475
winn,all,0.30141722213967453
winn,all,0.18536594403437034
winn,all,0.22990596705091168
winn,all,0.13410910862125913
winn,all,0.13097047251616245
winn,all,0.13386817533552484
winn,all,0.12731352522704165
winn,all,0.2823959522508674
winn,all,0.24517604733935996
winn,all,0.15752775036189826
winn,all,0.1448560275716217
winn,all,0.1753583529362514
winn,all,0.3767800256231239
winn,all,0.3300241838107068
winn,all,0.5019185586449745
winn,all,0.3323585102386807
winn,all,0.3625397872072476
winn,all,0.4628038092264907
winn,all,0.5131416850332985
winn,all,0.22402268635934205
winn,all,0.4837754944438324
winn,all,0.3385713128412177
winn,all,0.4344254901258961
winn,all,0.16974898748238507
winn,all,0.12690169614157484
winn,all,0.13625733579267185
winn,all,0.09955182294389764
winn,all,0.11247505126129605
winn,all,0.11616624134282326
winn,all,0.18520004860553282
winn,all,0.12182546498784243
winn,all,0.09167205788461393
winn,all,0.16763594087490039
winn,all,0.11755713707147393
winn,all,0.3153230879396129
winn,all,0.1276886393192188
winn,all,0.09348606577463492
winn,all,0.09997661196564522
winn,all,0.18189175029244942
winn,all,0.14122793916149867
winn,all,0.10197238486430106
winn,all,0.12210052364408353
winn,all,0.1460105343819015
winn,all,0.13596918482350745
winn,all,0.165446099396709
winn,all,0.11080054004086753
winn,all,0.1236657256158947
winn,all,0.13778921243847173
winn,all,0.19054869458693907
winn,all,0.17173393925673502
winn,all,0.19998033413899213
winn,all,0.26510462585146516
winn,all,0.2086246562344726
winn,all,0.185931232971546
winn,all,0.15606270553875026
winn,all,0.2970054652831792
winn,all,0.13403526197233825
winn,all,0.12113747348375785
winn,all,0.10442288760620007
winn,all,0.12603471257673018
winn,all,0.1076261396573067
winn,all,0.13070629655985708
winn,all,0.19173669858218878
winn,all,0.22069478814364965
winn,all,0.14053730320099309
winn,all,0.1800625872120991
winn,all,0.10344376739999177
winn,all,0.10320681070276995
winn,all,0.18186325893527217
winn,all,0.17244315199914398
winn,all,0.3105567452616081
winn,all,0.20481683826718894
winn,all,0.20985555522816218
winn,all,0.30726784144615316
winn,all,0.1424124165486749
winn,all,0.07949452709385972
winn,all,0.10733152283863492
winn,all,0.18228180873619745
winn,all,0.14226596497342645
winn,all,0.10885667520039026
winn,all,0.187137330661496
winn,all,0.13058129236406366
winn,all,0.13285443788916093
winn,all,0.25604297344187155
winn,all,0.08908341282696147
winn,all,0.07808024090008897
winn,all,0.08885980840010574
winn,all,0.09264891475918346
winn,all,0.09460702393953371
winn,all,0.11610974247902282
winn,all,0.19465907052493026
winn,all,0.127879683509639
winn,all,0.11227607153430497
winn,all,0.11657862265604775
winn,all,0.1471981422103954
winn,all,0.1037355146331606
winn,all,0.14614625582514687
winn,all,0.1976134725795981
winn,all,0.322775738050515
winn,all,0.21296494634232838
winn,all,0.16993853804126735
winn,all,0.16333909678873873
winn,all,0.2420846140384685
winn,all,0.3267815957857252
winn,all,0.19625448164991288
winn,all,0.251631227183357
winn,all,0.12255444212369634
winn,all,0.3036907485183921
winn,all,0.1321288385358024
winn,all,0.15076815905004004
winn,all,0.13582127923792625
winn,all,0.1874554317246748
winn,all,0.10914883207789677
winn,all,0.1319548630074604
winn,all,0.3734642063249234
winn,all,0.17999860052960306
winn,all,0.19227808381320222
winn,all,0.3147672732075175
winn,all,0.12459087285085063
winn,all,0.15131309821949623
winn,all,0.12677715763885528
winn,all,0.2091004116512216
winn,all,0.2536524295258112
winn,all,0.40494152589665355
winn,all,0.1738858288911742
winn,all,0.16431477647722365
winn,all,0.11905672496060703
winn,all,0.14270114091038508
winn,all,0.23615031055190894
winn,all,0.35407394532975806
winn,all,0.10145401978455605
winn,all,0.13743180090115795
winn,all,0.28411232130572134
winn,all,0.12322429747471624
winn,all,0.16833486280158638
winn,all,0.20445731179172802
winn,all,0.2088409524696252
winn,all,0.20927878247436446
winn,all,0.17255569788427913
winn,all,0.16155452126622186
winn,all,0.0768596864489595
winn,all,0.1574473030590153
winn,all,0.13262728843912294
winn,all,0.1004664987985482
winn,all,0.18091850023468958
winn,all,0.2525477404574605
winn,all,0.1871327136465898
winn,all,0.09242715494513937
winn,all,0.18579442098096344
winn,all,0.16799667187345074
winn,all,0.12899529382309508
winn,all,0.16226158430572601
winn,all,0.19200779973205642
winn,all,0.10380661787205099
winn,all,0.23877681643181028
winn,all,0.18900538403417166
winn,all,0.1323902545879559
winn,all,0.17095600290824006
winn,all,0.13269501758973862
winn,all,0.4950702111846543
winn,all,0.24476553033083312
winn,all,0.31754249146843494
winn,all,0.2350273620087989
winn,all,0.1619564431694067
winn,all,0.20100434732601644
winn,all,0.12825658970545012
winn,all,0.0919761510942443
winn,all,0.15625565097881364
winn,all,0.3351922455590968
winn,all,0.2194462374558704
winn,all,0.1923979298575465
winn,all,0.3058893505702729
winn,all,0.09062046281551821
winn,all,0.10342780847218704
winn,all,0.08143760505009906
winn,all,0.5688685906512234
winn,all,0.14633768538630557
winn,all,0.12616928262457197
winn,all,0.2024844486608488
winn,all,0.11288128688710532
winn,all,0.08945874512296671
winn,all,0.2370594909209405
winn,all,0.40344253960886534
winn,all,0.17415827607098802
winn,all,0.13449193397187686
winn,all,0.2778145654612929
winn,all,0.15545716238990598
winn,all,0.16743749395220706
winn,all,0.0904422155754637
winn,all,0.09525517154628524
winn,all,0.1380771402926296
winn,all,0.12601770717774616
winn,all,0.1937771287409767
winn,all,0.3742546983259832
winn,all,0.1753648811682715
winn,all,0.17763847029580926
winn,all,0.14754919222230964
winn,all,0.14133102662281316
winn,all,0.14826784583070374
winn,all,0.2157974798185674
winn,all,0.20474526050059183
winn,all,0.22480308884449013
winn,all,0.3611475591160935
winn,all,0.23594200354453757
winn,all,0.17512903318597156
winn,all,0.11617387420743426
winn,all,0.19135345202438364
winn,all,0.2557433696911833
winn,all,0.39009568926722593
winn,all,0.2113970151660592
winn,all,0.3651483974484331
winn,all,0.15200721724343652
winn,all,0.16149740512064362
winn,all,0.12679656563826436
winn,all,0.17375964031447447
winn,all,0.2307568150188947
winn,all,0.16055024763328224
winn,all,0.1290321110324563
winn,all,0.12003937249907204
winn,all,0.2107376467435033
winn,all,0.16223149450831642
winn,all,0.29000752343535063
winn,all,0.28945154614639873
winn,all,0.15412199865485343
winn,all,0.1026228733460093
winn,all,0.09349794674833642
winn,all,0.07640188849052439
winn,all,0.13294177093747456
winn,all,0.11433662417788185
winn,all,0.10095302304107745
winn,all,0.11806400998549685
winn,all,0.11678131635224448
winn,all,0.12731871133592584
winn,all,0.08503177024438803
winn,all,0.22960126781135187
winn,all,0.08718574783903381
winn,all,0.19088001982935654
winn,all,0.11883145558948946
winn,all,0.15685750350237296
winn,all,0.32920109202628545
winn,all,0.16300502386466859
winn,all,0.11928518898440613
winn,all,0.12970417627672212
winn,all,0.1266435912283638
winn,all,0.2176076633565959
winn,all,0.18142636946750137
winn,all,0.22505472371931518
winn,all,0.18492227920562884
winn,all,0.19667311321388187
winn,all,0.18577785436066807
winn,all,0.1694726059821554
winn,all,0.23200264901694465
winn,all,0.1582669658481875
winn,all,0.2389764123181449
winn,all,0.2261654769256114
winn,all,0.2533743011903081
winn,all,0.18794312588293363
winn,all,0.25678115559122533
winn,all,0.15196758737412988
winn,all,0.18112551350048112
winn,all,0.2063726437171503
winn,all,0.11445311144277934
winn,all,0.13179947867751987
winn,all,0.1920386876661665
winn,all,0.20320478131555714
winn,all,0.2239116496069517
winn,all,0.3404496504121624
winn,all,0.133935083023613
winn,all,0.1324762415320923
winn,all,0.10645838413845791
winn,all,0.09608258517698023
winn,all,0.11349039136588007
winn,all,0.3945193065279297
winn,all,0.277456467324749
winn,all,0.2053636192880945
winn,all,0.11601311609416386
winn,all,0.12976470289881226
winn,all,0.1764689426169362
winn,all,0.20260869667442308
winn,all,0.1905679024691809
winn,all,0.20764795015570342
winn,all,0.3845200929331677
winn,all,0.1700040886313557
winn,all,0.14079117897655027
winn,all,0.195161631243697
winn,all,0.2284390688265891
winn,all,0.20663368007957908
winn,all,0.19814843241128566
winn,all,0.1816716746125491
winn,all,0.18023846807808974
winn,all,0.17183331636505453
winn,all,0.20346936139009056
winn,all,0.19710702100031807
winn,all,0.48026790547311954
winn,all,0.6342844128804389
winn,all,0.13214002459393445
winn,all,0.12646016568184018
winn,all,0.17717402268743812
winn,all,0.14607124687838874
winn,all,0.14599733761113207
winn,all,0.17065871696787252
winn,all,0.5506347682524138
winn,all,0.6278974124801484
winn,all,0.4211243626825265
winn,all,0.26384394145849516
winn,all,0.149043063106332
winn,all,0.11344060749031842
winn,all,0.3197564414247193
winn,all,0.21145132926122617
winn,all,0.1426272646841706
winn,all,0.1259958958687891
winn,all,0.12039759031177374
winn,all,0.10669286693110797
winn,all,0.2007856379888779
winn,all,0.26002306662125435
winn,all,0.13495140097910438
winn,all,0.12761097963260135
winn,all,0.1159782629461702
winn,all,0.15150137451956683
winn,all,0.18086704807359696
winn,all,0.15567955251103938
winn,all,0.15003758201863923
winn,all,0.26954322786522517
winn,all,0.1694078826561112
winn,all,0.2992881626953486
winn,all,0.20443752853958916
winn,all,0.32522466372411585
winn,all,0.19222126206539833
winn,all,0.13013722458435373
winn,all,0.13452715189418551
winn,all,0.34313517611350375
winn,all,0.21310103140620648
winn,all,0.20060601410285428
winn,all,0.2525995032965965
winn,all,0.1724971142515456
winn,all,0.1925685491994544
winn,all,0.2826054996528519
winn,all,0.16232657659859248
winn,all,0.128663015461678
winn,all,0.1070299329883697
winn,all,0.15334216448688334
winn,all,0.15070931718950475
winn,all,0.1653554499145104
winn,all,0.1527595411783486
winn,all,0.23747466838610926
winn,all,0.1932160359535035
winn,all,0.265526997095095
winn,all,0.1109819421064207
winn,all,0.105404854975102
winn,all,0.1159359804026103
winn,all,0.21219454178956626
winn,all,0.2443463870003549
winn,all,0.3121275061217553
winn,all,0.12321186634193623
winn,all,0.14257385337107006
winn,all,0.2362211100154043
winn,all,0.16956061894637392
winn,all,0.1720273975432027
winn,all,0.18579744637785453
winn,all,0.13628811814268513
winn,all,0.18409073435812603
winn,all,0.10307556002141893
winn,all,0.1850720376194724
winn,all,0.20323341317341534
winn,all,0.43687351407835207
winn,all,0.5031838472227139
winn,all,0.28455861891183243
winn,all,0.20585863025256756
winn,all,0.17541517896097084
winn,all,0.17411540008296694
winn,all,0.14821248685348623
winn,all,0.22646716340925727
winn,all,0.193250255293487
winn,all,0.17995430859585274
winn,all,0.1989410408936657
winn,all,0.19572201555395644
winn,all,0.16155029525883915
winn,all,0.18995202714094495
winn,all,0.305188711003441
winn,all,0.25642463924525893
winn,all,0.22214392330724622
winn,all,0.1812507873233757
winn,all,0.18579479289649625
winn,all,0.12612810894667362
winn,all,0.11326112773210358
winn,all,0.15229540489402685
winn,all,0.1342011795534443
winn,all,0.22589023814219678
winn,all,0.19763000437806982
winn,all,0.17754432534422693
winn,all,0.17445908872052676
winn,all,0.26661273903628613
winn,all,0.16452983595385817
winn,all,0.16505716810052287
winn,all,0.14788559219705472
winn,all,0.08713339574108087
winn,all,0.14833552044196954
winn,all,0.11919307009454995
winn,all,0.2576827365732274
winn,all,0.252709685034422
winn,all,0.24190607035607511
winn,all,0.22609123364953504
winn,all,0.22597613136824596
winn,all,0.2707666148152762
winn,all,0.24787567466873792
winn,all,0.3174728304033454
winn,all,0.18230626972238348
winn,all,0.18917147002522644
winn,all,0.1270271103926902
winn,all,0.13097516819373797
winn,all,0.20613078145792224
winn,all,0.14846694073535688
winn,all,0.17704211550234214
winn,all,0.1848878660226643
winn,all,0.17196257906197568
winn,all,0.1713064187230322
winn,all,0.23143105159896354
winn,all,0.17051015120069668
winn,all,0.20445320580033924
winn,all,0.133302228792869
winn,all,0.12654416382955672
winn,all,0.1701601624608802
winn,all,0.13703848855356193
winn,all,0.17820941067020454
winn,all,0.14249594760896137
winn,all,0.10759510592867956
winn,all,0.2207977166255091
winn,all,0.3033694670155188
winn,all,0.24358425753765864
winn,all,0.16208753114139285
winn,all,0.11705352337454454
winn,all,0.1465848725344557
winn,all,0.22819585765714717
winn,all,0.19305609439328422
winn,all,0.3658233137978984
winn,all,0.3495789812746061
winn,all,0.36884788911926997
winn,all,0.3795793451215368
winn,all,0.16693572537919624
winn,all,0.15035478272157513
winn,all,0.22296062358250446
winn,all,0.13429893155676392
winn,all,0.17449588992477585
winn,all,0.2746656110455748
winn,all,0.11043882201777666
winn,all,0.16018068574659777
winn,all,0.22930151394000775
winn,all,0.22294848871559858
winn,all,0.2112269719035303
winn,all,0.16533374159333156
winn,all,0.32642603952697863
winn,all,0.1577955066900733
winn,all,0.20968240658757653
winn,all,0.16921294083871605
winn,all,0.20446672160006646
winn,all,0.21938081197585987
winn,all,0.1227394791584584
winn,all,0.19036680989123536
winn,all,0.11106372968923726
winn,all,0.20765242930697914
winn,all,0.15765366300706277
winn,all,0.18989042409959395
winn,all,0.1772875835496272
winn,all,0.2211102371464851
winn,all,0.38137871265703216
winn,all,0.18501810371165414
winn,all,0.1436193674707289
winn,all,0.21268583914178216
winn,all,0.36523107574597646
winn,all,0.17360009254349454
winn,all,0.1725870433848222
winn,all,0.22495657715407447
winn,all,0.1037666939229535
winn,all,0.31744435564748313
winn,all,0.1653164780942561
winn,all,0.22221305998922583
winn,all,0.15183576432042947
winn,all,0.14715664430444425
winn,all,0.12340903478693079
winn,all,0.10848881919563033
winn,all,0.17263919689466325
winn,all,0.3607241134468955
winn,all,0.4394445880752525
winn,all,0.14724133573874476
winn,all,0.254658542970364
winn,all,0.14711612203338273
winn,all,0.20470211943114824
winn,all,0.22659905727102458
winn,all,0.4830870357215609
winn,all,0.26817876359956994
winn,all,0.17663030705852312
winn,all,0.1923633483062241
winn,all,0.09279260529123658
winn,all,0.46172523842595337
winn,all,0.23034522471618846
winn,all,0.5776402109082701
winn,all,0.1474205917197668
winn,all,0.297729859277636
winn,all,0.4753799622338543
winn,all,0.1713300267015233
winn,all,0.17857233765833752
winn,all,0.15003098029052722
winn,all,0.14878359356639145
winn,all,0.1524906802965794
winn,all,0.34558007445858935
winn,all,0.1562473771949344
winn,all,0.29977689589418777
winn,all,0.16196019537783873
winn,all,0.1540825904861788
winn,all,0.11340239831140346
winn,all,0.1969509406526584
winn,all,0.35653730819421486
winn,all,0.21669537497421767
winn,all,0.1584292075223009
winn,all,0.13431755215577998
winn,all,0.19058998795287035
winn,all,0.20308471233202244
winn,all,0.20332885110329668
winn,all,0.14965495249684865
winn,all,0.21497639020033082
winn,all,0.22379385040709124
winn,all,0.3197435444570992
winn,all,0.33963860633960274
winn,all,0.40038833694288295
winn,all,0.1262364481616181
winn,all,0.17342709375411042
winn,all,0.15436984311032612
winn,all,0.24233949199645324
winn,all,0.14311444755307376
winn,all,0.24468960151841362
winn,all,0.2784952398107691
winn,all,0.1606123761982728
winn,all,0.17789539395239756
winn,all,0.19020624368605515
winn,all,0.23325343839398238
winn,all,0.34729594807199043
winn,all,0.1535870433003773
winn,all,0.13979920426788975
winn,all,0.22370196727474342
winn,all,0.2745026492589242
winn,all,0.15591152171359093
winn,all,0.3585284141660608
winn,all,0.1339658716647999
winn,all,0.36808744139078114
winn,all,0.23563369581379395
winn,all,0.16189630043933795
winn,all,0.33625484395989474
winn,all,0.3125881901086853
winn,all,0.14356471194887754
winn,all,0.3758047881705487
winn,all,0.2445521355128499
winn,all,0.2083341957114728
winn,all,0.36166063270634713
winn,all,0.18634685410850424
winn,all,0.20678039715735244
winn,all,0.23374386643021594
winn,all,0.19392707168700937
winn,all,0.1467235744154605
winn,all,0.10183401116058458
winn,all,0.383993011292429
winn,all,0.20805247340632962
winn,all,0.19038495698111546
winn,all,0.16573459113143613
winn,all,0.0858558724711084
winn,all,0.177413326571708
winn,all,0.23870528903439694
winn,all,0.13784191780250996
winn,all,0.2613935395626828
winn,all,0.48467350872089865
winn,all,0.14011149188647332
winn,all,0.19134505160351722
winn,all,0.14486717552869938
winn,all,0.17661833195590307
winn,all,0.1886797197548077
winn,all,0.39772441518925317
winn,all,0.15754065995288136
winn,all,0.41043463060970775
winn,all,0.24473393029851778
winn,all,0.23136739810785614
winn,all,0.3715937922615303
winn,all,0.23572687228708983
winn,all,0.1934029347118567
winn,all,0.5468464313403212
winn,all,0.3153155221302922
winn,all,0.13538819358626125
winn,all,0.15972107489467716
winn,all,0.22901159753709208
winn,all,0.33647769332160865
winn,all,0.21919793087387945
winn,all,0.1802281030377361
winn,all,0.15126846185265364
winn,all,0.1334924215445613
winn,all,0.14052519174133463
winn,all,0.2746073791137844
winn,all,0.19123241670668967
winn,all,0.3409079520992873
winn,all,0.1690361922573646
winn,all,0.18501534283164567
winn,all,0.1465112980891466
winn,all,0.27651299199304125
winn,all,0.19929861296480375
winn,all,0.16688141019502492
winn,all,0.49476556123255444
winn,all,0.21945226478563415
winn,all,0.17981706530203834
winn,all,0.20972972454212685
winn,all,0.20456951864565068
winn,all,0.16862213830995704
winn,all,0.2459095013682635
winn,all,0.16763570836996194
winn,all,0.4037366543722607
winn,all,0.30962992484122165
winn,all,0.22788243875061123
winn,all,0.39324719199115443
winn,all,0.17841499328699187
winn,all,0.6299184636680952
winn,all,0.18535698572531484
winn,all,0.2751743052020034
winn,all,0.19617428282004232
winn,all,0.22645521772646532
winn,all,0.22740422261628807
winn,all,0.17761274756859644
winn,all,0.0999956674977262
winn,all,0.17770726660729558
winn,all,0.19380364403350417
winn,all,0.20109271915078655
winn,all,0.21448197063717242
winn,all,0.19915247632644809
winn,all,0.24081233448770112
winn,all,0.3502409687085716
winn,all,0.22900503372677167
winn,all,0.20841868139933237
winn,all,0.19321159308910893
winn,all,0.18637481705520456
winn,all,0.17333866832942993
winn,all,0.3519070526729689
winn,all,0.17071901158432376
winn,all,0.10329791500242573
winn,all,0.22460742324302807
winn,all,0.22394924577908923
winn,all,0.2806248700075746
winn,all,0.15087270208408765
winn,all,0.21806514321037743
winn,all,0.1729182792158947
winn,all,0.2058733892879714
winn,all,0.4692069785604326
winn,all,0.10284090343190762
winn,all,0.1554485651256858
winn,all,0.1517884979388966
winn,all,0.1654024352262569
winn,all,0.21692119909630309
winn,all,0.35087842651343
winn,all,0.48375269577189617
winn,all,0.11351867545782171
winn,all,0.4403005269040958
winn,all,0.5341160688090244
winn,all,0.3085782161860919
winn,all,0.41382993288458103
winn,all,0.42104963343783836
winn,all,0.33846114115168346
winn,all,0.11957609354405416
winn,all,0.12701533227160414
winn,all,0.17157052266992057
winn,all,0.20225039233862624
winn,all,0.20941826411571182
winn,all,0.22287081005726367
winn,all,0.1627435116606025
winn,all,0.17786677918712906
winn,all,0.18898762548319636
winn,all,0.1247298056916981
winn,all,0.17542367986807622
winn,all,0.31401076988991766
winn,all,0.2281807570711352
winn,all,0.22432768161537855
winn,all,0.35745460535607365
winn,all,0.1273173976842757
winn,all,0.18478866300115523
winn,all,0.17126324129727358
winn,all,0.21627494689705895
winn,all,0.22642715267562824
winn,all,0.2238423457252142
winn,all,0.16709911710719896
winn,all,0.17078097431240594
winn,all,0.13240459170332616
winn,all,0.16886754365674886
winn,all,0.18805730501460363
winn,all,0.255511112742414
winn,all,0.20211464552906858
winn,all,0.21209010294726255
winn,all,0.17332793123951104
winn,all,0.14784192148394978
winn,all,0.1346579501069122
winn,all,0.3132695906818866
winn,all,0.1422536795388924
winn,all,0.14426000201358133
winn,all,0.1622733029891154
winn,all,0.5598484185421286
winn,all,0.1333594444163593
winn,all,0.20294320603655916
winn,all,0.20102966334587988
winn,all,0.22142848447319546
winn,all,0.19521263728313923
winn,all,0.22857598015151964
winn,all,0.18227006236918902
winn,all,0.19195742611403654
winn,all,0.11251191797096047
winn,all,0.5128866334985601
winn,all,0.179281495157987
winn,all,0.15529671501573009
winn,all,0.3105967273114896
winn,all,0.14793045921738704
winn,all,0.19050271006592517
winn,all,0.1872978902696572
winn,all,0.16645924324399658
winn,all,0.26591763864133733
winn,all,0.39739504219510313
winn,all,0.14514000243604552
winn,all,0.5532432831841515
winn,all,0.16949131607642418
winn,all,0.20709840422196726
winn,all,0.26076063213272466
winn,all,0.2325641651732844
winn,all,0.2530211197778208
winn,all,0.13683263242938104
winn,all,0.16912650176956498
winn,all,0.46164200000778277
winn,all,0.21525762152454392
winn,all,0.16639404516333234
winn,all,0.20509907056569232
winn,all,0.16484269399694307
winn,all,0.15935411637353075
winn,all,0.14707335708365019
winn,all,0.18063082693795457
winn,all,0.4803257316559373
winn,all,0.3567134618727933
winn,all,0.24733822068154496
winn,all,0.1330027403510216
winn,all,0.40456627621331803
winn,all,0.19083131185693222
winn,all,0.18385446651991688
winn,all,0.24235751640032707
winn,all,0.15069565777454708
winn,all,0.22404421483396864
winn,all,0.13256303188611307
winn,all,0.1585694108206088
winn,all,0.12224613767094894
winn,all,0.1534301416462223
winn,all,0.23841595558079984
winn,all,0.27729191267254805
winn,all,0.23112754202666722
winn,all,0.1522622533869761
winn,all,0.2273520644369375
winn,all,0.15519769210493894
winn,all,0.13120796769201068
winn,all,0.15723589010829975
winn,all,0.17071248901960087
winn,all,0.14934507962446755
winn,all,0.16677868365681447
winn,all,0.13347079630617212
winn,all,0.21134734393990953
winn,all,0.17018591380223627
winn,all,0.28800778186662285
winn,all,0.1679081742926652
winn,all,0.15438327355436882
winn,all,0.1123651815230397
winn,all,0.1422048131352542
winn,all,0.17092068046744846
winn,all,0.12171845237161989
winn,all,0.16111281033642266
winn,all,0.25434414570142405
winn,all,0.26306571859548494
winn,all,0.1667787459781621
winn,all,0.1330071945563599
winn,all,0.14765148412323467
winn,all,0.17257744593497829
winn,all,0.2833420892324682
winn,all,0.18755378232409106
winn,all,0.13467884135121488
winn,all,0.1933109021361195
winn,all,0.1509818707188112
winn,all,0.13177811337411513
winn,all,0.17591479345633781
winn,all,0.21032180075396137
winn,all,0.12190085582934854
winn,all,0.18762597011170742
winn,all,0.13585724874359964
winn,all,0.12395309028359407
winn,all,0.13204692468490198
winn,all,0.20164968864798868
winn,all,0.14494174172797888
winn,all,0.15940267503783268
winn,all,0.2540777622945813
winn,all,0.162401900457721
winn,all,0.16270001292195443
winn,all,0.1778050657296205
winn,all,0.1302774424555814
winn,all,0.15012366720680223
winn,all,0.18467458508319623
winn,all,0.14701270012516693
winn,all,0.3565715647922713
winn,all,0.23466119867322804
winn,all,0.2036847398646648
winn,all,0.1439970582727333
winn,all,0.126607626373814
winn,all,0.1632670267146391
winn,all,0.2101641468915883
winn,all,0.19809873789807106
winn,all,0.19073801918338112
winn,all,0.18184488185345624
winn,all,0.18840175590664857
winn,all,0.139202522403583
winn,all,0.12044218624929033
winn,all,0.17845524502814522
winn,all,0.13566274818793211
winn,all,0.1241144628368282
winn,all,0.19266459764092325
winn,all,0.11966394355620028
winn,all,0.14005445729365001
winn,all,0.15732651442113438
winn,all,0.15835588520920468
winn,all,0.1288236500134106
winn,all,0.1459766038126856
winn,all,0.1202524677487607
winn,all,0.13398676295694226
winn,all,0.1494744401947674
winn,all,0.24319878100615872
winn,all,0.13796186665494287
winn,all,0.18678249157719595
winn,all,0.1611416750677997
winn,all,0.11907540493514097
winn,all,0.13366240520635628
winn,all,0.21521752639393624
winn,all,0.20761033152149821
winn,all,0.17707945452979051
winn,all,0.13292731531310775
winn,all,0.1318322487301457
winn,all,0.10603459209857934
winn,all,0.14647658382939593
winn,all,0.2353662906332942
winn,all,0.1387367335529111
winn,all,0.10096878863162546
winn,all,0.11724346805517818
winn,all,0.1536646824438782
winn,all,0.23957942665842907
winn,all,0.12743976739456714
winn,all,0.15317755233471678
winn,all,0.10082813796830699
winn,all,0.13807311510572906
winn,all,0.17333667959142954
winn,all,0.16368800759099106
winn,all,0.10190458102453476
winn,all,0.10831105145579142
winn,all,0.10298725015599304
winn,all,0.18153914530855383
winn,all,0.14063593982306655
winn,all,0.10265578665876736
winn,all,0.12182677473024645
winn,all,0.14646831282550168
winn,all,0.14761074887769807
winn,all,0.16850954477613084
winn,all,0.16874445645881922
winn,all,0.1143567247559749
winn,all,0.09592944966098378
winn,all,0.1770667669691347
winn,all,0.11447122822585784
winn,all,0.0975227329835909
winn,all,0.11019111476060246
winn,all,0.17887646371855517
winn,all,0.12405201255983603
winn,all,0.11010193147495453
winn,all,0.11065592111439039
winn,all,0.10308304270753832
winn,all,0.10523584915990312
winn,all,0.21205287959243976
winn,all,0.17632008469256613
winn,all,0.10086836956981456
winn,all,0.16299874525266425
